#
# A fatal error has been detected by the Java Runtime Environment:
#
#  EXCEPTION_ACCESS_VIOLATION (0xc0000005) at pc=0x00007ffdde1ecb09, pid=12664, tid=15816
#
# JRE version: OpenJDK Runtime Environment (11.0.26+9) (build 11.0.26+9-LTS)
# Java VM: OpenJDK 64-Bit Server VM (11.0.26+9-LTS, mixed mode, sharing, tiered, compressed oops, g1 gc, windows-amd64)
# Problematic frame:
# C  0x00007ffdde1ecb09
#
# No core dump will be written. Minidumps are not enabled by default on client versions of Windows
#
# If you would like to submit a bug report, please visit:
#   https://bell-sw.com/support
# The crash happened outside the Java Virtual Machine in native code.
# See problematic frame for where to report the bug.
#

---------------  S U M M A R Y ------------

Command Line: -agentlib:jdwp=transport=dt_socket,address=127.0.0.1:27540,suspend=y,server=n -javaagent:C:\Users\joao.jgcdp\AppData\Local\JetBrains\IdeaIC2025.1\captureAgent\debugger-agent.jar=file:///C:/Users/JOAO~1.JGC/AppData/Local/Temp/capture5511631587817423887.props -DDebugging=true -Duser.dir=C:\Users\joao.jgcdp\IdeaProjects\IPED\target\release\iped-4.2.0 -Dkotlinx.coroutines.debug.enable.creation.stack.trace=false -Ddebugger.agent.enable.coroutines=true -Dkotlinx.coroutines.debug.enable.flows.stack.trace=true -Dkotlinx.coroutines.debug.enable.mutable.state.flows.stack.trace=true -Dfile.encoding=UTF-8 iped.app.processing.Main -d c:\input\teste -o c:\output -profile relatorio

Host: AMD Ryzen 3 5300U with Radeon Graphics         , 8 cores, 15G,  Windows 10 , 64 bit Build 19041 (10.0.19041.5678)
Time: Sun Apr 27 09:17:05 2025 Hora oficial do Brasil elapsed time: 514.509242 seconds (0d 0h 8m 34s)

---------------  T H R E A D  ---------------

Current thread (0x000001db4e0b5000):  JavaThread "main" [_thread_in_native, id=15816, stack(0x0000008229f00000,0x000000822a000000)]

Stack: [0x0000008229f00000,0x000000822a000000],  sp=0x0000008229ffdcf0,  free space=1015k
Native frames: (J=compiled Java code, j=interpreted, Vv=VM code, C=native code)
C  0x00007ffdde1ecb09

Java frames: (J=compiled Java code, j=interpreted, Vv=VM code)
j  jep.Jep.init(Ljava/lang/ClassLoader;ZZ)J+0
j  jep.Jep.<init>(Ljep/JepConfig;Z)V+193
j  jep.SharedInterpreter.<init>()V+5
j  iped.parsers.python.PythonParser.getNewJep()Ljep/Jep;+4
j  iped.parsers.python.PythonParser.getJep()Ljep/Jep;+31
j  iped.parsers.python.PythonParser.<init>()V+96
v  ~StubRoutines::call_stub
J 1630  jdk.internal.reflect.NativeConstructorAccessorImpl.newInstance0(Ljava/lang/reflect/Constructor;[Ljava/lang/Object;)Ljava/lang/Object; java.base@11.0.26 (0 bytes) @ 0x000001db5fb0f836 [0x000001db5fb0f7c0+0x0000000000000076]
J 1629 c1 jdk.internal.reflect.NativeConstructorAccessorImpl.newInstance([Ljava/lang/Object;)Ljava/lang/Object; java.base@11.0.26 (89 bytes) @ 0x000001db587f656c [0x000001db587f58c0+0x0000000000000cac]
J 1558 c1 jdk.internal.reflect.DelegatingConstructorAccessorImpl.newInstance([Ljava/lang/Object;)Ljava/lang/Object; java.base@11.0.26 (9 bytes) @ 0x000001db587d8f84 [0x000001db587d8e40+0x0000000000000144]
J 3177 c1 java.lang.Class.newInstance()Ljava/lang/Object; java.base@11.0.26 (160 bytes) @ 0x000001db58afbbcc [0x000001db58afad20+0x0000000000000eac]
j  org.apache.tika.config.TikaConfig$ParserXmlLoader.newInstance(Ljava/lang/Class;)Lorg/apache/tika/parser/Parser;+43
j  org.apache.tika.config.TikaConfig$ParserXmlLoader.newInstance(Ljava/lang/Class;)Ljava/lang/Object;+2
j  org.apache.tika.config.TikaConfig$XmlLoader.loadOne(Lorg/w3c/dom/Element;Lorg/apache/tika/mime/MimeTypes;Lorg/apache/tika/config/ServiceLoader;)Ljava/lang/Object;+422
j  org.apache.tika.config.TikaConfig$XmlLoader.loadOverall(Lorg/w3c/dom/Element;Lorg/apache/tika/mime/MimeTypes;Lorg/apache/tika/config/ServiceLoader;)Ljava/lang/Object;+55
j  org.apache.tika.config.TikaConfig.<init>()V+295
j  org.apache.tika.config.TikaConfig.getDefaultConfig()Lorg/apache/tika/config/TikaConfig;+4
j  iped.parsers.standard.StandardParser.getTikaConfig()Lorg/apache/tika/config/TikaConfig;+17
j  iped.parsers.standard.StandardParser.<init>()V+1
j  iped.engine.task.ParsingTask.init(Liped/engine/config/ConfigurationManager;)V+56
j  iped.engine.core.Worker.initTasks()V+92
j  iped.engine.core.Worker.<init>(ILiped/engine/data/CaseData;Lorg/apache/lucene/index/IndexWriter;Ljava/io/File;Liped/engine/core/Manager;)V+139
j  iped.engine.core.Manager.initWorkers()V+48
j  iped.engine.core.Manager.process()V+231
j  iped.app.processing.Main.startManager()V+41
j  iped.app.processing.Main.execute()Z+103
j  iped.app.processing.Main.main([Ljava/lang/String;)V+136
v  ~StubRoutines::call_stub

siginfo: EXCEPTION_ACCESS_VIOLATION (0xc0000005), reading address 0x0000000000000010


Register to memory mapping:

RIP=0x00007ffdde1ecb09 points into unknown readable memory: 48 8b 49 10 ff 15 3d
RAX=0x000001db77c3f0b0 points into unknown readable memory: 0x4ea9046f6bba8195 | 95 81 ba 6b 6f 04 a9 4e
RBX=0x000001db4e0b5350 points into unknown readable memory: 0x00007ffd8cf85e90 | 90 5e f8 8c fd 7f 00 00
RCX=0x0 is NULL
RDX=0x0000000004d30080 is an unknown value
RSP=0x0000008229ffdcf0 is pointing into the stack for thread: 0x000001db4e0b5000
RBP=0x0000008229ffdde8 is pointing into the stack for thread: 0x000001db4e0b5000
RSI=0x0 is NULL
RDI=0x000001db77c3f0b0 points into unknown readable memory: 0x4ea9046f6bba8195 | 95 81 ba 6b 6f 04 a9 4e
R8 =0x00000000000004d3 is an unknown value
R9 =0x0000000000000040 is an unknown value
R10=0x00000000000004c0 is an unknown value
R11=0x00c0000000121440 is an unknown value
R12=0x0 is NULL
R13=0x000001db05060bf0 is pointing into metadata
R14=0x0 is NULL
R15=0x0000008229ffddf0 is pointing into the stack for thread: 0x000001db4e0b5000


Registers:
RAX=0x000001db77c3f0b0, RBX=0x000001db4e0b5350, RCX=0x0000000000000000, RDX=0x0000000004d30080
RSP=0x0000008229ffdcf0, RBP=0x0000008229ffdde8, RSI=0x0000000000000000, RDI=0x000001db77c3f0b0
R8 =0x00000000000004d3, R9 =0x0000000000000040, R10=0x00000000000004c0, R11=0x00c0000000121440
R12=0x0000000000000000, R13=0x000001db05060bf0, R14=0x0000000000000000, R15=0x0000008229ffddf0
RIP=0x00007ffdde1ecb09, EFLAGS=0x0000000000010246

Top of Stack: (sp=0x0000008229ffdcf0)
0x0000008229ffdcf0:   000001db4e0b5350 000001db57f461e7
0x0000008229ffdd00:   000001db4e0b5000 000001db05060bf8
0x0000008229ffdd10:   000001db4e0b5000 0000008229ffddf0
0x0000008229ffdd20:   0000008229ffddb8 000001db57f46522
0x0000008229ffdd30:   000000070aae3000 000000070aae3000
0x0000008229ffdd40:   000001db05060bf8 0000008229ffddb8
0x0000008229ffdd50:   0000000700000000 000001db4e0b5000
0x0000008229ffdd60:   000000084000e890 000001db57f45df6
0x0000008229ffdd70:   0000008229ffdd70 000001db05060bf0
0x0000008229ffdd80:   0000008229ffddf0 000001db05068ed8
0x0000008229ffdd90:   0000000000000000 000000071c388f60
0x0000008229ffdda0:   000001db05060bf8 0000000000000000
0x0000008229ffddb0:   0000008229ffddd8 0000008229ffde48
0x0000008229ffddc0:   000001db57f3c2ee 0000000000000000
0x0000008229ffddd0:   000001db57f413f7 0000000000000000
0x0000008229ffdde0:   0000000000000000 000000070aae3000 

Instructions: (pc=0x00007ffdde1ecb09)
0x00007ffdde1eca09:   8b 15 29 80 01 00 48 85 d2 74 13 48 8b 03 48 8b
0x00007ffdde1eca19:   cb ff 90 b0 00 00 00 48 89 3d 11 80 01 00 48 8b
0x00007ffdde1eca29:   15 92 7f 01 00 48 85 d2 74 13 48 8b 03 48 8b cb
0x00007ffdde1eca39:   ff 90 b0 00 00 00 48 89 3d 7a 7f 01 00 48 8b 4c
0x00007ffdde1eca49:   24 30 e8 40 e2 ff ff 48 8b 7c 24 38 48 83 c4 20
0x00007ffdde1eca59:   5b c3 cc cc cc cc cc 48 89 5c 24 18 55 41 56 41
0x00007ffdde1eca69:   57 48 83 ec 20 45 0f b6 f1 4d 8b f8 48 8b ea 48
0x00007ffdde1eca79:   8b d9 48 85 d2 75 25 48 8b 01 4c 8d 05 76 fa 00
0x00007ffdde1eca89:   00 48 8b 15 d7 7e 01 00 ff 50 70 33 c0 48 8b 5c
0x00007ffdde1eca99:   24 50 48 83 c4 20 41 5f 41 5e 5d c3 b9 28 00 00
0x00007ffdde1ecaa9:   00 48 89 7c 24 48 ff 15 13 d6 00 00 48 8b f8 48
0x00007ffdde1ecab9:   85 c0 75 1e 48 8b 03 4c 8d 05 51 fa 00 00 48 8b
0x00007ffdde1ecac9:   15 9a 7e 01 00 48 8b cb ff 50 70 33 c0 e9 9c 01
0x00007ffdde1ecad9:   00 00 48 8b 0d 86 83 01 00 48 89 74 24 40 0f b6
0x00007ffdde1ecae9:   74 24 60 40 84 f6 74 18 ff 15 61 d8 00 00 ff 15
0x00007ffdde1ecaf9:   cb db 00 00 48 89 47 08 ff 15 91 da 00 00 eb 0e
0x00007ffdde1ecb09:   48 8b 49 10 ff 15 3d d7 00 00 48 89 47 08 48 8b
0x00007ffdde1ecb19:   4f 08 ff 15 37 d8 00 00 48 8b cb e8 57 ce ff ff
0x00007ffdde1ecb29:   85 c0 75 0c 48 8d 0d f4 f9 00 00 e8 37 9d ff ff
0x00007ffdde1ecb39:   48 8b cb e8 9f c7 ff ff 85 c0 75 0c 48 8d 0d 14
0x00007ffdde1ecb49:   fa 00 00 e8 1f 9d ff ff 40 84 f6 74 54 48 8d 0d
0x00007ffdde1ecb59:   43 fa 00 00 ff 15 3d d7 00 00 48 85 c0 75 31 48
0x00007ffdde1ecb69:   8b 03 4c 8d 05 3e fa 00 00 48 8b 15 ef 7d 01 00
0x00007ffdde1ecb79:   48 8b cb ff 50 70 48 8b 4f 08 ff 15 4f d6 00 00
0x00007ffdde1ecb89:   48 8b cf ff 15 2e d5 00 00 33 c0 e9 d9 00 00 00
0x00007ffdde1ecb99:   48 8b c8 ff 15 d6 d6 00 00 48 8b f0 48 ff 00 eb
0x00007ffdde1ecba9:   22 ff 15 30 d7 00 00 48 8b f0 ff 15 77 d7 00 00
0x00007ffdde1ecbb9:   48 8d 15 10 fa 00 00 48 8b ce 4c 8b c0 ff 15 5c
0x00007ffdde1ecbc9:   d6 00 00 41 0f b6 d6 48 8b cb e8 f8 f2 ff ff 85
0x00007ffdde1ecbd9:   c0 75 b6 48 89 37 48 8b d5 48 89 5f 10 48 8b cb
0x00007ffdde1ecbe9:   48 8b 03 ff 90 a8 00 00 00 48 89 47 18 49 8b d7
0x00007ffdde1ecbf9:   48 8b 03 48 8b cb ff 90 a8 00 00 00 48 89 47 20 


Stack slot to memory mapping:
stack at sp + 0 slots: 0x000001db4e0b5350 points into unknown readable memory: 0x00007ffd8cf85e90 | 90 5e f8 8c fd 7f 00 00
stack at sp + 1 slots: 0x000001db57f461e7 is at code_begin+1191 in an Interpreter codelet
method entry point (kind = native)  [0x000001db57f45d40, 0x000001db57f47040]  4864 bytes
stack at sp + 2 slots: 0x000001db4e0b5000 is a thread
stack at sp + 3 slots: {method} {0x000001db05060c00} 'init' '(Ljava/lang/ClassLoader;ZZ)J' in 'jep/Jep'
stack at sp + 4 slots: 0x000001db4e0b5000 is a thread
stack at sp + 5 slots: 0x0000008229ffddf0 is pointing into the stack for thread: 0x000001db4e0b5000
stack at sp + 6 slots: 0x0000008229ffddb8 is pointing into the stack for thread: 0x000001db4e0b5000
stack at sp + 7 slots: 0x000001db57f46522 is at code_begin+2018 in an Interpreter codelet
method entry point (kind = native)  [0x000001db57f45d40, 0x000001db57f47040]  4864 bytes


---------------  P R O C E S S  ---------------

Threads class SMR info:
_java_thread_list=0x000001db77bfe4f0, length=24, elements={
0x000001db4e0b5000, 0x000001db73008000, 0x000001db7300a000, 0x000001db73024000,
0x000001db73026000, 0x000001db73027800, 0x000001db7302c000, 0x000001db73031000,
0x000001db73038000, 0x000001db738e0800, 0x000001db73b11000, 0x000001db73bd4000,
0x000001db73afc800, 0x000001db73bc4800, 0x000001db75c39000, 0x000001db75c3f800,
0x000001db7a41f800, 0x000001db7a420000, 0x000001db7a421000, 0x000001db7a422800,
0x000001db7a41d000, 0x000001db7a424000, 0x000001db7a426000, 0x000001db77fc8800
}

Java Threads: ( => current thread )
=>0x000001db4e0b5000 JavaThread "main" [_thread_in_native, id=15816, stack(0x0000008229f00000,0x000000822a000000)]
  0x000001db73008000 JavaThread "Reference Handler" daemon [_thread_blocked, id=13772, stack(0x000000822a600000,0x000000822a700000)]
  0x000001db7300a000 JavaThread "Finalizer" daemon [_thread_blocked, id=5992, stack(0x000000822a700000,0x000000822a800000)]
  0x000001db73024000 JavaThread "Signal Dispatcher" daemon [_thread_blocked, id=10116, stack(0x000000822a800000,0x000000822a900000)]
  0x000001db73026000 JavaThread "Attach Listener" daemon [_thread_blocked, id=15508, stack(0x000000822a900000,0x000000822aa00000)]
  0x000001db73027800 JavaThread "Service Thread" daemon [_thread_blocked, id=7992, stack(0x000000822aa00000,0x000000822ab00000)]
  0x000001db7302c000 JavaThread "C2 CompilerThread0" daemon [_thread_blocked, id=6576, stack(0x000000822ab00000,0x000000822ac00000)]
  0x000001db73031000 JavaThread "C1 CompilerThread0" daemon [_thread_blocked, id=4944, stack(0x000000822ac00000,0x000000822ad00000)]
  0x000001db73038000 JavaThread "Sweeper thread" daemon [_thread_blocked, id=15928, stack(0x000000822ad00000,0x000000822ae00000)]
  0x000001db738e0800 JavaThread "Common-Cleaner" daemon [_thread_blocked, id=15900, stack(0x000000822ae00000,0x000000822af00000)]
  0x000001db73b11000 JavaThread "JDWP Transport Listener: dt_socket" daemon [_thread_blocked, id=10812, stack(0x000000822b000000,0x000000822b100000)]
  0x000001db73bd4000 JavaThread "JDWP Event Helper Thread" daemon [_thread_blocked, id=14960, stack(0x000000822b100000,0x000000822b200000)]
  0x000001db73afc800 JavaThread "JDWP Command Reader" daemon [_thread_in_native, id=3480, stack(0x000000822b200000,0x000000822b300000)]
  0x000001db73bc4800 JavaThread "IntelliJ Suspend Helper" daemon [_thread_blocked, id=3588, stack(0x000000822b300000,0x000000822b400000)]
  0x000001db75c39000 JavaThread "Thread-1" daemon [_thread_blocked, id=7996, stack(0x000000822bc00000,0x000000822bd00000)]
  0x000001db75c3f800 JavaThread "Java2D Disposer" daemon [_thread_blocked, id=17836, stack(0x000000822bb00000,0x000000822bc00000)]
  0x000001db7a41f800 JavaThread "AWT-Shutdown" [_thread_blocked, id=17624, stack(0x000000822bd00000,0x000000822be00000)]
  0x000001db7a420000 JavaThread "AWT-Windows" daemon [_thread_in_native, id=18364, stack(0x000000822be00000,0x000000822bf00000)]
  0x000001db7a421000 JavaThread "AWT-EventQueue-0" [_thread_blocked, id=18044, stack(0x000000822c700000,0x000000822c800000)]
  0x000001db7a422800 JavaThread "Thread-3" daemon [_thread_in_native, id=16936, stack(0x000000822c900000,0x000000822ca00000)]
  0x000001db7a41d000 JavaThread "D3D Screen Updater" daemon [_thread_blocked, id=10888, stack(0x000000822ca00000,0x000000822cb00000)]
  0x000001db7a424000 JavaThread "JNA Cleaner" daemon [_thread_blocked, id=16088, stack(0x000000822ba00000,0x000000822bb00000)]
  0x000001db7a426000 JavaThread "Swing-Shell" daemon [_thread_blocked, id=5984, stack(0x000000822ce00000,0x000000822cf00000)]
  0x000001db77fc8800 JavaThread "JepMainInterpreter" daemon [_thread_in_native, id=13852, stack(0x000000822cf00000,0x000000822d000000)]

Other Threads:
  0x000001db73007000 VMThread "VM Thread" [stack: 0x000000822a500000,0x000000822a600000] [id=14304]
  0x000001db73ae9000 WatcherThread [stack: 0x000000822b400000,0x000000822b500000] [id=16888]
  0x000001db4e0cf800 GCTaskThread "GC Thread#0" [stack: 0x000000822a000000,0x000000822a100000] [id=18232]
  0x000001db75b03000 GCTaskThread "GC Thread#1" [stack: 0x000000822b500000,0x000000822b600000] [id=14152]
  0x000001db74ce3000 GCTaskThread "GC Thread#2" [stack: 0x000000822b600000,0x000000822b700000] [id=14604]
  0x000001db7525a800 GCTaskThread "GC Thread#3" [stack: 0x000000822b700000,0x000000822b800000] [id=5972]
  0x000001db740b9000 GCTaskThread "GC Thread#4" [stack: 0x000000822b800000,0x000000822b900000] [id=13760]
  0x000001db7a1de800 GCTaskThread "GC Thread#5" [stack: 0x000000822cb00000,0x000000822cc00000] [id=15048]
  0x000001db7a1de000 GCTaskThread "GC Thread#6" [stack: 0x000000822af00000,0x000000822b000000] [id=17064]
  0x000001db7a1dc800 GCTaskThread "GC Thread#7" [stack: 0x000000822cd00000,0x000000822ce00000] [id=17948]
  0x000001db4e127000 ConcurrentGCThread "G1 Main Marker" [stack: 0x000000822a100000,0x000000822a200000] [id=9232]
  0x000001db4e129800 ConcurrentGCThread "G1 Conc#0" [stack: 0x000000822a200000,0x000000822a300000] [id=11576]
  0x000001db73a3a000 ConcurrentGCThread "G1 Conc#1" [stack: 0x000000822b900000,0x000000822ba00000] [id=17812]
  0x000001db72f07800 ConcurrentGCThread "G1 Refine#0" [stack: 0x000000822a300000,0x000000822a400000] [id=18004]
  0x000001db72f08000 ConcurrentGCThread "G1 Young RemSet Sampling" [stack: 0x000000822a400000,0x000000822a500000] [id=5184]

Threads with active compile tasks:

VM state:not at safepoint (normal execution)

VM Mutex/Monitor currently owned by a thread: None

Heap address: 0x0000000709c00000, size: 3940 MB, Compressed Oops mode: Zero based, Oop shift amount: 3
Narrow klass base: 0x0000000800000000, Narrow klass shift: 3
Compressed class space size: 1073741824 Address: 0x0000000840000000

Heap:
 garbage-first heap   total 475136K, used 352683K [0x0000000709c00000, 0x0000000800000000)
  region size 1024K, 258 young (264192K), 1 survivors (1024K)
 Metaspace       used 61603K, capacity 63120K, committed 63232K, reserved 1105920K
  class space    used 6656K, capacity 7326K, committed 7424K, reserved 1048576K
Heap Regions: E=young(eden), S=young(survivor), O=old, HS=humongous(starts), HC=humongous(continues), CS=collection set, F=free, A=archive, TAMS=top-at-mark-start (previous, next)
|   0|0x0000000709c00000, 0x0000000709d00000, 0x0000000709d00000|100%|HS|  |TAMS 0x0000000709d00000, 0x0000000709c00000| Complete 
|   1|0x0000000709d00000, 0x0000000709e00000, 0x0000000709e00000|100%| O|  |TAMS 0x0000000709e00000, 0x0000000709d00000| Untracked 
|   2|0x0000000709e00000, 0x0000000709f00000, 0x0000000709f00000|100%| O|  |TAMS 0x0000000709f00000, 0x0000000709e00000| Untracked 
|   3|0x0000000709f00000, 0x000000070a000000, 0x000000070a000000|100%| O|  |TAMS 0x000000070a000000, 0x0000000709f00000| Untracked 
|   4|0x000000070a000000, 0x000000070a100000, 0x000000070a100000|100%| O|  |TAMS 0x000000070a100000, 0x000000070a000000| Untracked 
|   5|0x000000070a100000, 0x000000070a200000, 0x000000070a200000|100%| O|  |TAMS 0x000000070a200000, 0x000000070a100000| Untracked 
|   6|0x000000070a200000, 0x000000070a300000, 0x000000070a300000|100%| O|  |TAMS 0x000000070a300000, 0x000000070a200000| Untracked 
|   7|0x000000070a300000, 0x000000070a400000, 0x000000070a400000|100%| O|  |TAMS 0x000000070a400000, 0x000000070a300000| Untracked 
|   8|0x000000070a400000, 0x000000070a500000, 0x000000070a500000|100%| O|  |TAMS 0x000000070a500000, 0x000000070a400000| Untracked 
|   9|0x000000070a500000, 0x000000070a600000, 0x000000070a600000|100%| O|  |TAMS 0x000000070a600000, 0x000000070a500000| Untracked 
|  10|0x000000070a600000, 0x000000070a700000, 0x000000070a700000|100%| O|  |TAMS 0x000000070a700000, 0x000000070a600000| Untracked 
|  11|0x000000070a700000, 0x000000070a800000, 0x000000070a800000|100%| O|  |TAMS 0x000000070a800000, 0x000000070a700000| Untracked 
|  12|0x000000070a800000, 0x000000070a900000, 0x000000070a900000|100%| O|  |TAMS 0x000000070a900000, 0x000000070a800000| Untracked 
|  13|0x000000070a900000, 0x000000070aa00000, 0x000000070aa00000|100%| O|  |TAMS 0x000000070aa00000, 0x000000070a900000| Untracked 
|  14|0x000000070aa00000, 0x000000070ab00000, 0x000000070ab00000|100%| O|  |TAMS 0x000000070ab00000, 0x000000070aa00000| Untracked 
|  15|0x000000070ab00000, 0x000000070ac00000, 0x000000070ac00000|100%| O|  |TAMS 0x000000070ac00000, 0x000000070ab00000| Untracked 
|  16|0x000000070ac00000, 0x000000070ad00000, 0x000000070ad00000|100%|HS|  |TAMS 0x000000070ac00000, 0x000000070ac00000| Complete 
|  17|0x000000070ad00000, 0x000000070ae00000, 0x000000070ae00000|100%|HC|  |TAMS 0x000000070ad00000, 0x000000070ad00000| Complete 
|  18|0x000000070ae00000, 0x000000070af00000, 0x000000070af00000|100%|HS|  |TAMS 0x000000070ae00000, 0x000000070ae00000| Complete 
|  19|0x000000070af00000, 0x000000070b000000, 0x000000070b000000|100%|HC|  |TAMS 0x000000070af00000, 0x000000070af00000| Complete 
|  20|0x000000070b000000, 0x000000070b100000, 0x000000070b100000|100%| O|  |TAMS 0x000000070b100000, 0x000000070b000000| Untracked 
|  21|0x000000070b100000, 0x000000070b200000, 0x000000070b200000|100%| O|  |TAMS 0x000000070b200000, 0x000000070b100000| Untracked 
|  22|0x000000070b200000, 0x000000070b300000, 0x000000070b300000|100%| O|  |TAMS 0x000000070b300000, 0x000000070b200000| Untracked 
|  23|0x000000070b300000, 0x000000070b400000, 0x000000070b400000|100%| O|  |TAMS 0x000000070b400000, 0x000000070b300000| Untracked 
|  24|0x000000070b400000, 0x000000070b500000, 0x000000070b500000|100%|HS|  |TAMS 0x000000070b400000, 0x000000070b400000| Complete 
|  25|0x000000070b500000, 0x000000070b600000, 0x000000070b600000|100%|HC|  |TAMS 0x000000070b500000, 0x000000070b500000| Complete 
|  26|0x000000070b600000, 0x000000070b700000, 0x000000070b700000|100%|HS|  |TAMS 0x000000070b600000, 0x000000070b600000| Complete 
|  27|0x000000070b700000, 0x000000070b800000, 0x000000070b800000|100%|HC|  |TAMS 0x000000070b700000, 0x000000070b700000| Complete 
|  28|0x000000070b800000, 0x000000070b900000, 0x000000070b900000|100%|HS|  |TAMS 0x000000070b800000, 0x000000070b800000| Complete 
|  29|0x000000070b900000, 0x000000070ba00000, 0x000000070ba00000|100%|HC|  |TAMS 0x000000070b900000, 0x000000070b900000| Complete 
|  30|0x000000070ba00000, 0x000000070bb00000, 0x000000070bb00000|100%|HS|  |TAMS 0x000000070ba00000, 0x000000070ba00000| Complete 
|  31|0x000000070bb00000, 0x000000070bc00000, 0x000000070bc00000|100%|HC|  |TAMS 0x000000070bb00000, 0x000000070bb00000| Complete 
|  32|0x000000070bc00000, 0x000000070bd00000, 0x000000070bd00000|100%|HS|  |TAMS 0x000000070bc00000, 0x000000070bc00000| Complete 
|  33|0x000000070bd00000, 0x000000070be00000, 0x000000070be00000|100%|HC|  |TAMS 0x000000070bd00000, 0x000000070bd00000| Complete 
|  34|0x000000070be00000, 0x000000070bf00000, 0x000000070bf00000|100%|HS|  |TAMS 0x000000070be00000, 0x000000070be00000| Complete 
|  35|0x000000070bf00000, 0x000000070c000000, 0x000000070c000000|100%|HC|  |TAMS 0x000000070bf00000, 0x000000070bf00000| Complete 
|  36|0x000000070c000000, 0x000000070c100000, 0x000000070c100000|100%|HS|  |TAMS 0x000000070c000000, 0x000000070c000000| Complete 
|  37|0x000000070c100000, 0x000000070c200000, 0x000000070c200000|100%|HC|  |TAMS 0x000000070c100000, 0x000000070c100000| Complete 
|  38|0x000000070c200000, 0x000000070c300000, 0x000000070c300000|100%|HS|  |TAMS 0x000000070c200000, 0x000000070c200000| Complete 
|  39|0x000000070c300000, 0x000000070c400000, 0x000000070c400000|100%|HC|  |TAMS 0x000000070c300000, 0x000000070c300000| Complete 
|  40|0x000000070c400000, 0x000000070c500000, 0x000000070c500000|100%|HS|  |TAMS 0x000000070c400000, 0x000000070c400000| Complete 
|  41|0x000000070c500000, 0x000000070c600000, 0x000000070c600000|100%|HC|  |TAMS 0x000000070c500000, 0x000000070c500000| Complete 
|  42|0x000000070c600000, 0x000000070c700000, 0x000000070c700000|100%|HS|  |TAMS 0x000000070c600000, 0x000000070c600000| Complete 
|  43|0x000000070c700000, 0x000000070c800000, 0x000000070c800000|100%|HC|  |TAMS 0x000000070c700000, 0x000000070c700000| Complete 
|  44|0x000000070c800000, 0x000000070c900000, 0x000000070c900000|100%|HS|  |TAMS 0x000000070c800000, 0x000000070c800000| Complete 
|  45|0x000000070c900000, 0x000000070ca00000, 0x000000070ca00000|100%|HC|  |TAMS 0x000000070c900000, 0x000000070c900000| Complete 
|  46|0x000000070ca00000, 0x000000070cb00000, 0x000000070cb00000|100%|HS|  |TAMS 0x000000070ca00000, 0x000000070ca00000| Complete 
|  47|0x000000070cb00000, 0x000000070cc00000, 0x000000070cc00000|100%|HC|  |TAMS 0x000000070cb00000, 0x000000070cb00000| Complete 
|  48|0x000000070cc00000, 0x000000070cd00000, 0x000000070cd00000|100%|HS|  |TAMS 0x000000070cc00000, 0x000000070cc00000| Complete 
|  49|0x000000070cd00000, 0x000000070ce00000, 0x000000070ce00000|100%|HC|  |TAMS 0x000000070cd00000, 0x000000070cd00000| Complete 
|  50|0x000000070ce00000, 0x000000070cf00000, 0x000000070cf00000|100%|HS|  |TAMS 0x000000070ce00000, 0x000000070ce00000| Complete 
|  51|0x000000070cf00000, 0x000000070d000000, 0x000000070d000000|100%|HC|  |TAMS 0x000000070cf00000, 0x000000070cf00000| Complete 
|  52|0x000000070d000000, 0x000000070d100000, 0x000000070d100000|100%|HS|  |TAMS 0x000000070d000000, 0x000000070d000000| Complete 
|  53|0x000000070d100000, 0x000000070d200000, 0x000000070d200000|100%|HC|  |TAMS 0x000000070d100000, 0x000000070d100000| Complete 
|  54|0x000000070d200000, 0x000000070d300000, 0x000000070d300000|100%|HS|  |TAMS 0x000000070d200000, 0x000000070d200000| Complete 
|  55|0x000000070d300000, 0x000000070d400000, 0x000000070d400000|100%|HC|  |TAMS 0x000000070d300000, 0x000000070d300000| Complete 
|  56|0x000000070d400000, 0x000000070d500000, 0x000000070d500000|100%|HS|  |TAMS 0x000000070d400000, 0x000000070d400000| Complete 
|  57|0x000000070d500000, 0x000000070d600000, 0x000000070d600000|100%|HC|  |TAMS 0x000000070d500000, 0x000000070d500000| Complete 
|  58|0x000000070d600000, 0x000000070d700000, 0x000000070d700000|100%|HS|  |TAMS 0x000000070d600000, 0x000000070d600000| Complete 
|  59|0x000000070d700000, 0x000000070d800000, 0x000000070d800000|100%|HC|  |TAMS 0x000000070d700000, 0x000000070d700000| Complete 
|  60|0x000000070d800000, 0x000000070d900000, 0x000000070d900000|100%|HS|  |TAMS 0x000000070d800000, 0x000000070d800000| Complete 
|  61|0x000000070d900000, 0x000000070da00000, 0x000000070da00000|100%|HC|  |TAMS 0x000000070d900000, 0x000000070d900000| Complete 
|  62|0x000000070da00000, 0x000000070db00000, 0x000000070db00000|100%|HS|  |TAMS 0x000000070da00000, 0x000000070da00000| Complete 
|  63|0x000000070db00000, 0x000000070dc00000, 0x000000070dc00000|100%|HC|  |TAMS 0x000000070db00000, 0x000000070db00000| Complete 
|  64|0x000000070dc00000, 0x000000070dd00000, 0x000000070dd00000|100%|HS|  |TAMS 0x000000070dc00000, 0x000000070dc00000| Complete 
|  65|0x000000070dd00000, 0x000000070de00000, 0x000000070de00000|100%|HC|  |TAMS 0x000000070dd00000, 0x000000070dd00000| Complete 
|  66|0x000000070de00000, 0x000000070df00000, 0x000000070df00000|100%|HS|  |TAMS 0x000000070de00000, 0x000000070de00000| Complete 
|  67|0x000000070df00000, 0x000000070e000000, 0x000000070e000000|100%|HC|  |TAMS 0x000000070df00000, 0x000000070df00000| Complete 
|  68|0x000000070e000000, 0x000000070e100000, 0x000000070e100000|100%|HS|  |TAMS 0x000000070e000000, 0x000000070e000000| Complete 
|  69|0x000000070e100000, 0x000000070e200000, 0x000000070e200000|100%|HC|  |TAMS 0x000000070e100000, 0x000000070e100000| Complete 
|  70|0x000000070e200000, 0x000000070e300000, 0x000000070e300000|100%|HC|  |TAMS 0x000000070e200000, 0x000000070e200000| Complete 
|  71|0x000000070e300000, 0x000000070e400000, 0x000000070e400000|100%|HS|  |TAMS 0x000000070e300000, 0x000000070e300000| Complete 
|  72|0x000000070e400000, 0x000000070e500000, 0x000000070e500000|100%|HC|  |TAMS 0x000000070e400000, 0x000000070e400000| Complete 
|  73|0x000000070e500000, 0x000000070e500000, 0x000000070e600000|  0%| F|  |TAMS 0x000000070e500000, 0x000000070e500000| Untracked 
|  74|0x000000070e600000, 0x000000070e600000, 0x000000070e700000|  0%| F|  |TAMS 0x000000070e600000, 0x000000070e600000| Untracked 
|  75|0x000000070e700000, 0x000000070e700000, 0x000000070e800000|  0%| F|  |TAMS 0x000000070e700000, 0x000000070e700000| Untracked 
|  76|0x000000070e800000, 0x000000070e800000, 0x000000070e900000|  0%| F|  |TAMS 0x000000070e800000, 0x000000070e800000| Untracked 
|  77|0x000000070e900000, 0x000000070e900000, 0x000000070ea00000|  0%| F|  |TAMS 0x000000070e900000, 0x000000070e900000| Untracked 
|  78|0x000000070ea00000, 0x000000070ea00000, 0x000000070eb00000|  0%| F|  |TAMS 0x000000070ea00000, 0x000000070ea00000| Untracked 
|  79|0x000000070eb00000, 0x000000070eb00000, 0x000000070ec00000|  0%| F|  |TAMS 0x000000070eb00000, 0x000000070eb00000| Untracked 
|  80|0x000000070ec00000, 0x000000070ec00000, 0x000000070ed00000|  0%| F|  |TAMS 0x000000070ec00000, 0x000000070ec00000| Untracked 
|  81|0x000000070ed00000, 0x000000070ed00000, 0x000000070ee00000|  0%| F|  |TAMS 0x000000070ed00000, 0x000000070ed00000| Untracked 
|  82|0x000000070ee00000, 0x000000070ee00000, 0x000000070ef00000|  0%| F|  |TAMS 0x000000070ee00000, 0x000000070ee00000| Untracked 
|  83|0x000000070ef00000, 0x000000070ef00000, 0x000000070f000000|  0%| F|  |TAMS 0x000000070ef00000, 0x000000070ef00000| Untracked 
|  84|0x000000070f000000, 0x000000070f000000, 0x000000070f100000|  0%| F|  |TAMS 0x000000070f000000, 0x000000070f000000| Untracked 
|  85|0x000000070f100000, 0x000000070f100000, 0x000000070f200000|  0%| F|  |TAMS 0x000000070f100000, 0x000000070f100000| Untracked 
|  86|0x000000070f200000, 0x000000070f200000, 0x000000070f300000|  0%| F|  |TAMS 0x000000070f200000, 0x000000070f200000| Untracked 
|  87|0x000000070f300000, 0x000000070f300000, 0x000000070f400000|  0%| F|  |TAMS 0x000000070f300000, 0x000000070f300000| Untracked 
|  88|0x000000070f400000, 0x000000070f400000, 0x000000070f500000|  0%| F|  |TAMS 0x000000070f400000, 0x000000070f400000| Untracked 
|  89|0x000000070f500000, 0x000000070f500000, 0x000000070f600000|  0%| F|  |TAMS 0x000000070f500000, 0x000000070f500000| Untracked 
|  90|0x000000070f600000, 0x000000070f600000, 0x000000070f700000|  0%| F|  |TAMS 0x000000070f600000, 0x000000070f600000| Untracked 
|  91|0x000000070f700000, 0x000000070f700000, 0x000000070f800000|  0%| F|  |TAMS 0x000000070f700000, 0x000000070f700000| Untracked 
|  92|0x000000070f800000, 0x000000070f800000, 0x000000070f900000|  0%| F|  |TAMS 0x000000070f800000, 0x000000070f800000| Untracked 
|  93|0x000000070f900000, 0x000000070f900000, 0x000000070fa00000|  0%| F|  |TAMS 0x000000070f900000, 0x000000070f900000| Untracked 
|  94|0x000000070fa00000, 0x000000070fa00000, 0x000000070fb00000|  0%| F|  |TAMS 0x000000070fa00000, 0x000000070fa00000| Untracked 
|  95|0x000000070fb00000, 0x000000070fb00000, 0x000000070fc00000|  0%| F|  |TAMS 0x000000070fb00000, 0x000000070fb00000| Untracked 
|  96|0x000000070fc00000, 0x000000070fc00000, 0x000000070fd00000|  0%| F|  |TAMS 0x000000070fc00000, 0x000000070fc00000| Untracked 
|  97|0x000000070fd00000, 0x000000070fd00000, 0x000000070fe00000|  0%| F|  |TAMS 0x000000070fd00000, 0x000000070fd00000| Untracked 
|  98|0x000000070fe00000, 0x000000070fe00000, 0x000000070ff00000|  0%| F|  |TAMS 0x000000070fe00000, 0x000000070fe00000| Untracked 
|  99|0x000000070ff00000, 0x000000070ff00000, 0x0000000710000000|  0%| F|  |TAMS 0x000000070ff00000, 0x000000070ff00000| Untracked 
| 100|0x0000000710000000, 0x0000000710000000, 0x0000000710100000|  0%| F|  |TAMS 0x0000000710000000, 0x0000000710000000| Untracked 
| 101|0x0000000710100000, 0x0000000710100000, 0x0000000710200000|  0%| F|  |TAMS 0x0000000710100000, 0x0000000710100000| Untracked 
| 102|0x0000000710200000, 0x0000000710200000, 0x0000000710300000|  0%| F|  |TAMS 0x0000000710200000, 0x0000000710200000| Untracked 
| 103|0x0000000710300000, 0x0000000710300000, 0x0000000710400000|  0%| F|  |TAMS 0x0000000710300000, 0x0000000710300000| Untracked 
| 104|0x0000000710400000, 0x0000000710400000, 0x0000000710500000|  0%| F|  |TAMS 0x0000000710400000, 0x0000000710400000| Untracked 
| 105|0x0000000710500000, 0x0000000710500000, 0x0000000710600000|  0%| F|  |TAMS 0x0000000710500000, 0x0000000710500000| Untracked 
| 106|0x0000000710600000, 0x0000000710600000, 0x0000000710700000|  0%| F|  |TAMS 0x0000000710600000, 0x0000000710600000| Untracked 
| 107|0x0000000710700000, 0x0000000710700000, 0x0000000710800000|  0%| F|  |TAMS 0x0000000710700000, 0x0000000710700000| Untracked 
| 108|0x0000000710800000, 0x0000000710800000, 0x0000000710900000|  0%| F|  |TAMS 0x0000000710800000, 0x0000000710800000| Untracked 
| 109|0x0000000710900000, 0x0000000710900000, 0x0000000710a00000|  0%| F|  |TAMS 0x0000000710900000, 0x0000000710900000| Untracked 
| 110|0x0000000710a00000, 0x0000000710a00000, 0x0000000710b00000|  0%| F|  |TAMS 0x0000000710a00000, 0x0000000710a00000| Untracked 
| 111|0x0000000710b00000, 0x0000000710b00000, 0x0000000710c00000|  0%| F|  |TAMS 0x0000000710b00000, 0x0000000710b00000| Untracked 
| 112|0x0000000710c00000, 0x0000000710c00000, 0x0000000710d00000|  0%| F|  |TAMS 0x0000000710c00000, 0x0000000710c00000| Untracked 
| 113|0x0000000710d00000, 0x0000000710d00000, 0x0000000710e00000|  0%| F|  |TAMS 0x0000000710d00000, 0x0000000710d00000| Untracked 
| 114|0x0000000710e00000, 0x0000000710e00000, 0x0000000710f00000|  0%| F|  |TAMS 0x0000000710e00000, 0x0000000710e00000| Untracked 
| 115|0x0000000710f00000, 0x0000000710f00000, 0x0000000711000000|  0%| F|  |TAMS 0x0000000710f00000, 0x0000000710f00000| Untracked 
| 116|0x0000000711000000, 0x0000000711000000, 0x0000000711100000|  0%| F|  |TAMS 0x0000000711000000, 0x0000000711000000| Untracked 
| 117|0x0000000711100000, 0x0000000711100000, 0x0000000711200000|  0%| F|  |TAMS 0x0000000711100000, 0x0000000711100000| Untracked 
| 118|0x0000000711200000, 0x0000000711300000, 0x0000000711300000|100%| O|  |TAMS 0x0000000711300000, 0x0000000711200000| Untracked 
| 119|0x0000000711300000, 0x0000000711400000, 0x0000000711400000|100%| O|  |TAMS 0x0000000711400000, 0x0000000711300000| Untracked 
| 120|0x0000000711400000, 0x0000000711500000, 0x0000000711500000|100%| O|  |TAMS 0x0000000711500000, 0x0000000711400000| Untracked 
| 121|0x0000000711500000, 0x0000000711600000, 0x0000000711600000|100%| O|  |TAMS 0x0000000711600000, 0x0000000711500000| Untracked 
| 122|0x0000000711600000, 0x0000000711700000, 0x0000000711700000|100%| O|  |TAMS 0x0000000711700000, 0x0000000711600000| Untracked 
| 123|0x0000000711700000, 0x0000000711700000, 0x0000000711800000|  0%| F|  |TAMS 0x0000000711700000, 0x0000000711700000| Untracked 
| 124|0x0000000711800000, 0x0000000711800000, 0x0000000711900000|  0%| F|  |TAMS 0x0000000711800000, 0x0000000711800000| Untracked 
| 125|0x0000000711900000, 0x0000000711900000, 0x0000000711a00000|  0%| F|  |TAMS 0x0000000711900000, 0x0000000711900000| Untracked 
| 126|0x0000000711a00000, 0x0000000711a00000, 0x0000000711b00000|  0%| F|  |TAMS 0x0000000711a00000, 0x0000000711a00000| Untracked 
| 127|0x0000000711b00000, 0x0000000711b00000, 0x0000000711c00000|  0%| F|  |TAMS 0x0000000711b00000, 0x0000000711b00000| Untracked 
| 128|0x0000000711c00000, 0x0000000711c00000, 0x0000000711d00000|  0%| F|  |TAMS 0x0000000711c00000, 0x0000000711c00000| Untracked 
| 129|0x0000000711d00000, 0x0000000711d00000, 0x0000000711e00000|  0%| F|  |TAMS 0x0000000711d00000, 0x0000000711d00000| Untracked 
| 130|0x0000000711e00000, 0x0000000711e00000, 0x0000000711f00000|  0%| F|  |TAMS 0x0000000711e00000, 0x0000000711e00000| Untracked 
| 131|0x0000000711f00000, 0x0000000711f00000, 0x0000000712000000|  0%| F|  |TAMS 0x0000000711f00000, 0x0000000711f00000| Untracked 
| 132|0x0000000712000000, 0x0000000712000000, 0x0000000712100000|  0%| F|  |TAMS 0x0000000712000000, 0x0000000712000000| Untracked 
| 133|0x0000000712100000, 0x0000000712100000, 0x0000000712200000|  0%| F|  |TAMS 0x0000000712100000, 0x0000000712100000| Untracked 
| 134|0x0000000712200000, 0x0000000712200000, 0x0000000712300000|  0%| F|  |TAMS 0x0000000712200000, 0x0000000712200000| Untracked 
| 135|0x0000000712300000, 0x0000000712300000, 0x0000000712400000|  0%| F|  |TAMS 0x0000000712300000, 0x0000000712300000| Untracked 
| 136|0x0000000712400000, 0x0000000712400000, 0x0000000712500000|  0%| F|  |TAMS 0x0000000712400000, 0x0000000712400000| Untracked 
| 137|0x0000000712500000, 0x0000000712500000, 0x0000000712600000|  0%| F|  |TAMS 0x0000000712500000, 0x0000000712500000| Untracked 
| 138|0x0000000712600000, 0x0000000712600000, 0x0000000712700000|  0%| F|  |TAMS 0x0000000712600000, 0x0000000712600000| Untracked 
| 139|0x0000000712700000, 0x0000000712700000, 0x0000000712800000|  0%| F|  |TAMS 0x0000000712700000, 0x0000000712700000| Untracked 
| 140|0x0000000712800000, 0x0000000712800000, 0x0000000712900000|  0%| F|  |TAMS 0x0000000712800000, 0x0000000712800000| Untracked 
| 141|0x0000000712900000, 0x0000000712900000, 0x0000000712a00000|  0%| F|  |TAMS 0x0000000712900000, 0x0000000712900000| Untracked 
| 142|0x0000000712a00000, 0x0000000712a00000, 0x0000000712b00000|  0%| F|  |TAMS 0x0000000712a00000, 0x0000000712a00000| Untracked 
| 143|0x0000000712b00000, 0x0000000712b00000, 0x0000000712c00000|  0%| F|  |TAMS 0x0000000712b00000, 0x0000000712b00000| Untracked 
| 144|0x0000000712c00000, 0x0000000712c00000, 0x0000000712d00000|  0%| F|  |TAMS 0x0000000712c00000, 0x0000000712c00000| Untracked 
| 145|0x0000000712d00000, 0x0000000712d00000, 0x0000000712e00000|  0%| F|  |TAMS 0x0000000712d00000, 0x0000000712d00000| Untracked 
| 146|0x0000000712e00000, 0x0000000712e00000, 0x0000000712f00000|  0%| F|  |TAMS 0x0000000712e00000, 0x0000000712e00000| Untracked 
| 147|0x0000000712f00000, 0x0000000712f00000, 0x0000000713000000|  0%| F|  |TAMS 0x0000000712f00000, 0x0000000712f00000| Untracked 
| 148|0x0000000713000000, 0x0000000713000000, 0x0000000713100000|  0%| F|  |TAMS 0x0000000713000000, 0x0000000713000000| Untracked 
| 149|0x0000000713100000, 0x0000000713100000, 0x0000000713200000|  0%| F|  |TAMS 0x0000000713100000, 0x0000000713100000| Untracked 
| 150|0x0000000713200000, 0x0000000713200000, 0x0000000713300000|  0%| F|  |TAMS 0x0000000713200000, 0x0000000713200000| Untracked 
| 151|0x0000000713300000, 0x0000000713300000, 0x0000000713400000|  0%| F|  |TAMS 0x0000000713300000, 0x0000000713300000| Untracked 
| 152|0x0000000713400000, 0x0000000713400000, 0x0000000713500000|  0%| F|  |TAMS 0x0000000713400000, 0x0000000713400000| Untracked 
| 153|0x0000000713500000, 0x0000000713500000, 0x0000000713600000|  0%| F|  |TAMS 0x0000000713500000, 0x0000000713500000| Untracked 
| 154|0x0000000713600000, 0x0000000713600000, 0x0000000713700000|  0%| F|  |TAMS 0x0000000713600000, 0x0000000713600000| Untracked 
| 155|0x0000000713700000, 0x0000000713700000, 0x0000000713800000|  0%| F|  |TAMS 0x0000000713700000, 0x0000000713700000| Untracked 
| 156|0x0000000713800000, 0x0000000713800000, 0x0000000713900000|  0%| F|  |TAMS 0x0000000713800000, 0x0000000713800000| Untracked 
| 157|0x0000000713900000, 0x0000000713900000, 0x0000000713a00000|  0%| F|  |TAMS 0x0000000713900000, 0x0000000713900000| Untracked 
| 158|0x0000000713a00000, 0x0000000713a00000, 0x0000000713b00000|  0%| F|  |TAMS 0x0000000713a00000, 0x0000000713a00000| Untracked 
| 159|0x0000000713b00000, 0x0000000713b00000, 0x0000000713c00000|  0%| F|  |TAMS 0x0000000713b00000, 0x0000000713b00000| Untracked 
| 160|0x0000000713c00000, 0x0000000713c00000, 0x0000000713d00000|  0%| F|  |TAMS 0x0000000713c00000, 0x0000000713c00000| Untracked 
| 161|0x0000000713d00000, 0x0000000713d00000, 0x0000000713e00000|  0%| F|  |TAMS 0x0000000713d00000, 0x0000000713d00000| Untracked 
| 162|0x0000000713e00000, 0x0000000713e00000, 0x0000000713f00000|  0%| F|  |TAMS 0x0000000713e00000, 0x0000000713e00000| Untracked 
| 163|0x0000000713f00000, 0x0000000713f00000, 0x0000000714000000|  0%| F|  |TAMS 0x0000000713f00000, 0x0000000713f00000| Untracked 
| 164|0x0000000714000000, 0x0000000714000000, 0x0000000714100000|  0%| F|  |TAMS 0x0000000714000000, 0x0000000714000000| Untracked 
| 165|0x0000000714100000, 0x0000000714100000, 0x0000000714200000|  0%| F|  |TAMS 0x0000000714100000, 0x0000000714100000| Untracked 
| 166|0x0000000714200000, 0x0000000714200000, 0x0000000714300000|  0%| F|  |TAMS 0x0000000714200000, 0x0000000714200000| Untracked 
| 167|0x0000000714300000, 0x0000000714400000, 0x0000000714400000|100%| O|  |TAMS 0x0000000714400000, 0x0000000714300000| Untracked 
| 168|0x0000000714400000, 0x0000000714500000, 0x0000000714500000|100%| O|  |TAMS 0x0000000714500000, 0x0000000714400000| Untracked 
| 169|0x0000000714500000, 0x0000000714600000, 0x0000000714600000|100%| O|  |TAMS 0x0000000714600000, 0x0000000714500000| Untracked 
| 170|0x0000000714600000, 0x0000000714700000, 0x0000000714700000|100%| O|  |TAMS 0x0000000714700000, 0x0000000714600000| Untracked 
| 171|0x0000000714700000, 0x0000000714800000, 0x0000000714800000|100%| O|  |TAMS 0x0000000714800000, 0x0000000714700000| Untracked 
| 172|0x0000000714800000, 0x0000000714900000, 0x0000000714900000|100%| O|  |TAMS 0x0000000714900000, 0x0000000714800000| Untracked 
| 173|0x0000000714900000, 0x0000000714a00000, 0x0000000714a00000|100%| O|  |TAMS 0x0000000714a00000, 0x0000000714900000| Untracked 
| 174|0x0000000714a00000, 0x0000000714b00000, 0x0000000714b00000|100%| O|  |TAMS 0x0000000714b00000, 0x0000000714a00000| Untracked 
| 175|0x0000000714b00000, 0x0000000714c00000, 0x0000000714c00000|100%| O|  |TAMS 0x0000000714c00000, 0x0000000714b00000| Untracked 
| 176|0x0000000714c00000, 0x0000000714c64600, 0x0000000714d00000| 39%| O|  |TAMS 0x0000000714c64600, 0x0000000714c00000| Untracked 
| 177|0x0000000714d00000, 0x0000000714d00000, 0x0000000714e00000|  0%| F|  |TAMS 0x0000000714d00000, 0x0000000714d00000| Untracked 
| 178|0x0000000714e00000, 0x0000000714e00000, 0x0000000714f00000|  0%| F|  |TAMS 0x0000000714e00000, 0x0000000714e00000| Untracked 
| 179|0x0000000714f00000, 0x0000000714f00000, 0x0000000715000000|  0%| F|  |TAMS 0x0000000714f00000, 0x0000000714f00000| Untracked 
| 180|0x0000000715000000, 0x0000000715000000, 0x0000000715100000|  0%| F|  |TAMS 0x0000000715000000, 0x0000000715000000| Untracked 
| 181|0x0000000715100000, 0x0000000715100000, 0x0000000715200000|  0%| F|  |TAMS 0x0000000715100000, 0x0000000715100000| Untracked 
| 182|0x0000000715200000, 0x0000000715200000, 0x0000000715300000|  0%| F|  |TAMS 0x0000000715200000, 0x0000000715200000| Untracked 
| 183|0x0000000715300000, 0x0000000715300000, 0x0000000715400000|  0%| F|  |TAMS 0x0000000715300000, 0x0000000715300000| Untracked 
| 184|0x0000000715400000, 0x0000000715400000, 0x0000000715500000|  0%| F|  |TAMS 0x0000000715400000, 0x0000000715400000| Untracked 
| 185|0x0000000715500000, 0x0000000715500000, 0x0000000715600000|  0%| F|  |TAMS 0x0000000715500000, 0x0000000715500000| Untracked 
| 186|0x0000000715600000, 0x0000000715600000, 0x0000000715700000|  0%| F|  |TAMS 0x0000000715600000, 0x0000000715600000| Untracked 
| 187|0x0000000715700000, 0x0000000715700000, 0x0000000715800000|  0%| F|  |TAMS 0x0000000715700000, 0x0000000715700000| Untracked 
| 188|0x0000000715800000, 0x0000000715800000, 0x0000000715900000|  0%| F|  |TAMS 0x0000000715800000, 0x0000000715800000| Untracked 
| 189|0x0000000715900000, 0x0000000715900000, 0x0000000715a00000|  0%| F|  |TAMS 0x0000000715900000, 0x0000000715900000| Untracked 
| 190|0x0000000715a00000, 0x0000000715a00000, 0x0000000715b00000|  0%| F|  |TAMS 0x0000000715a00000, 0x0000000715a00000| Untracked 
| 191|0x0000000715b00000, 0x0000000715b00000, 0x0000000715c00000|  0%| F|  |TAMS 0x0000000715b00000, 0x0000000715b00000| Untracked 
| 192|0x0000000715c00000, 0x0000000715c00000, 0x0000000715d00000|  0%| F|  |TAMS 0x0000000715c00000, 0x0000000715c00000| Untracked 
| 193|0x0000000715d00000, 0x0000000715d00000, 0x0000000715e00000|  0%| F|  |TAMS 0x0000000715d00000, 0x0000000715d00000| Untracked 
| 194|0x0000000715e00000, 0x0000000715e00000, 0x0000000715f00000|  0%| F|  |TAMS 0x0000000715e00000, 0x0000000715e00000| Untracked 
| 195|0x0000000715f00000, 0x0000000715f00000, 0x0000000716000000|  0%| F|  |TAMS 0x0000000715f00000, 0x0000000715f00000| Untracked 
| 196|0x0000000716000000, 0x0000000716000000, 0x0000000716100000|  0%| F|  |TAMS 0x0000000716000000, 0x0000000716000000| Untracked 
| 197|0x0000000716100000, 0x0000000716100000, 0x0000000716200000|  0%| F|  |TAMS 0x0000000716100000, 0x0000000716100000| Untracked 
| 198|0x0000000716200000, 0x0000000716200000, 0x0000000716300000|  0%| F|  |TAMS 0x0000000716200000, 0x0000000716200000| Untracked 
| 199|0x0000000716300000, 0x0000000716300000, 0x0000000716400000|  0%| F|  |TAMS 0x0000000716300000, 0x0000000716300000| Untracked 
| 200|0x0000000716400000, 0x0000000716400000, 0x0000000716500000|  0%| F|  |TAMS 0x0000000716400000, 0x0000000716400000| Untracked 
| 201|0x0000000716500000, 0x0000000716500000, 0x0000000716600000|  0%| F|  |TAMS 0x0000000716500000, 0x0000000716500000| Untracked 
| 202|0x0000000716600000, 0x0000000716600000, 0x0000000716700000|  0%| F|  |TAMS 0x0000000716600000, 0x0000000716600000| Untracked 
| 203|0x0000000716700000, 0x0000000716700000, 0x0000000716800000|  0%| F|  |TAMS 0x0000000716700000, 0x0000000716700000| Untracked 
| 204|0x0000000716800000, 0x0000000716800000, 0x0000000716900000|  0%| F|  |TAMS 0x0000000716800000, 0x0000000716800000| Untracked 
| 205|0x0000000716900000, 0x0000000716a00000, 0x0000000716a00000|100%| E|  |TAMS 0x0000000716900000, 0x0000000716900000| Complete 
| 206|0x0000000716a00000, 0x0000000716b00000, 0x0000000716b00000|100%| E|CS|TAMS 0x0000000716a00000, 0x0000000716a00000| Complete 
| 207|0x0000000716b00000, 0x0000000716c00000, 0x0000000716c00000|100%| E|CS|TAMS 0x0000000716b00000, 0x0000000716b00000| Complete 
| 208|0x0000000716c00000, 0x0000000716d00000, 0x0000000716d00000|100%| E|CS|TAMS 0x0000000716c00000, 0x0000000716c00000| Complete 
| 209|0x0000000716d00000, 0x0000000716e00000, 0x0000000716e00000|100%| E|CS|TAMS 0x0000000716d00000, 0x0000000716d00000| Complete 
| 210|0x0000000716e00000, 0x0000000716f00000, 0x0000000716f00000|100%| E|CS|TAMS 0x0000000716e00000, 0x0000000716e00000| Complete 
| 211|0x0000000716f00000, 0x0000000717000000, 0x0000000717000000|100%| E|CS|TAMS 0x0000000716f00000, 0x0000000716f00000| Complete 
| 212|0x0000000717000000, 0x0000000717100000, 0x0000000717100000|100%| E|CS|TAMS 0x0000000717000000, 0x0000000717000000| Complete 
| 213|0x0000000717100000, 0x0000000717200000, 0x0000000717200000|100%| E|CS|TAMS 0x0000000717100000, 0x0000000717100000| Complete 
| 214|0x0000000717200000, 0x0000000717300000, 0x0000000717300000|100%| E|CS|TAMS 0x0000000717200000, 0x0000000717200000| Complete 
| 215|0x0000000717300000, 0x0000000717400000, 0x0000000717400000|100%| E|CS|TAMS 0x0000000717300000, 0x0000000717300000| Complete 
| 216|0x0000000717400000, 0x0000000717500000, 0x0000000717500000|100%| E|CS|TAMS 0x0000000717400000, 0x0000000717400000| Complete 
| 217|0x0000000717500000, 0x0000000717600000, 0x0000000717600000|100%| E|CS|TAMS 0x0000000717500000, 0x0000000717500000| Complete 
| 218|0x0000000717600000, 0x0000000717700000, 0x0000000717700000|100%| E|CS|TAMS 0x0000000717600000, 0x0000000717600000| Complete 
| 219|0x0000000717700000, 0x0000000717800000, 0x0000000717800000|100%| E|CS|TAMS 0x0000000717700000, 0x0000000717700000| Complete 
| 220|0x0000000717800000, 0x0000000717900000, 0x0000000717900000|100%| E|CS|TAMS 0x0000000717800000, 0x0000000717800000| Complete 
| 221|0x0000000717900000, 0x0000000717a00000, 0x0000000717a00000|100%| E|CS|TAMS 0x0000000717900000, 0x0000000717900000| Complete 
| 222|0x0000000717a00000, 0x0000000717b00000, 0x0000000717b00000|100%| E|CS|TAMS 0x0000000717a00000, 0x0000000717a00000| Complete 
| 223|0x0000000717b00000, 0x0000000717c00000, 0x0000000717c00000|100%| E|CS|TAMS 0x0000000717b00000, 0x0000000717b00000| Complete 
| 224|0x0000000717c00000, 0x0000000717d00000, 0x0000000717d00000|100%| E|CS|TAMS 0x0000000717c00000, 0x0000000717c00000| Complete 
| 225|0x0000000717d00000, 0x0000000717e00000, 0x0000000717e00000|100%| E|CS|TAMS 0x0000000717d00000, 0x0000000717d00000| Complete 
| 226|0x0000000717e00000, 0x0000000717f00000, 0x0000000717f00000|100%| E|CS|TAMS 0x0000000717e00000, 0x0000000717e00000| Complete 
| 227|0x0000000717f00000, 0x0000000718000000, 0x0000000718000000|100%| E|CS|TAMS 0x0000000717f00000, 0x0000000717f00000| Complete 
| 228|0x0000000718000000, 0x0000000718100000, 0x0000000718100000|100%| E|CS|TAMS 0x0000000718000000, 0x0000000718000000| Complete 
| 229|0x0000000718100000, 0x0000000718200000, 0x0000000718200000|100%| E|CS|TAMS 0x0000000718100000, 0x0000000718100000| Complete 
| 230|0x0000000718200000, 0x0000000718300000, 0x0000000718300000|100%| E|CS|TAMS 0x0000000718200000, 0x0000000718200000| Complete 
| 231|0x0000000718300000, 0x0000000718400000, 0x0000000718400000|100%| E|CS|TAMS 0x0000000718300000, 0x0000000718300000| Complete 
| 232|0x0000000718400000, 0x0000000718500000, 0x0000000718500000|100%| E|CS|TAMS 0x0000000718400000, 0x0000000718400000| Complete 
| 233|0x0000000718500000, 0x0000000718600000, 0x0000000718600000|100%| E|CS|TAMS 0x0000000718500000, 0x0000000718500000| Complete 
| 234|0x0000000718600000, 0x0000000718700000, 0x0000000718700000|100%| E|CS|TAMS 0x0000000718600000, 0x0000000718600000| Complete 
| 235|0x0000000718700000, 0x0000000718800000, 0x0000000718800000|100%| E|CS|TAMS 0x0000000718700000, 0x0000000718700000| Complete 
| 236|0x0000000718800000, 0x0000000718900000, 0x0000000718900000|100%| E|CS|TAMS 0x0000000718800000, 0x0000000718800000| Complete 
| 237|0x0000000718900000, 0x0000000718a00000, 0x0000000718a00000|100%| E|CS|TAMS 0x0000000718900000, 0x0000000718900000| Complete 
| 238|0x0000000718a00000, 0x0000000718b00000, 0x0000000718b00000|100%| E|CS|TAMS 0x0000000718a00000, 0x0000000718a00000| Complete 
| 239|0x0000000718b00000, 0x0000000718c00000, 0x0000000718c00000|100%| E|CS|TAMS 0x0000000718b00000, 0x0000000718b00000| Complete 
| 240|0x0000000718c00000, 0x0000000718d00000, 0x0000000718d00000|100%| E|CS|TAMS 0x0000000718c00000, 0x0000000718c00000| Complete 
| 241|0x0000000718d00000, 0x0000000718e00000, 0x0000000718e00000|100%| E|CS|TAMS 0x0000000718d00000, 0x0000000718d00000| Complete 
| 242|0x0000000718e00000, 0x0000000718f00000, 0x0000000718f00000|100%| E|CS|TAMS 0x0000000718e00000, 0x0000000718e00000| Complete 
| 243|0x0000000718f00000, 0x0000000719000000, 0x0000000719000000|100%| E|CS|TAMS 0x0000000718f00000, 0x0000000718f00000| Complete 
| 244|0x0000000719000000, 0x0000000719100000, 0x0000000719100000|100%| E|CS|TAMS 0x0000000719000000, 0x0000000719000000| Complete 
| 245|0x0000000719100000, 0x0000000719200000, 0x0000000719200000|100%| E|CS|TAMS 0x0000000719100000, 0x0000000719100000| Complete 
| 246|0x0000000719200000, 0x0000000719300000, 0x0000000719300000|100%| E|CS|TAMS 0x0000000719200000, 0x0000000719200000| Complete 
| 247|0x0000000719300000, 0x0000000719400000, 0x0000000719400000|100%| E|CS|TAMS 0x0000000719300000, 0x0000000719300000| Complete 
| 248|0x0000000719400000, 0x0000000719500000, 0x0000000719500000|100%| E|CS|TAMS 0x0000000719400000, 0x0000000719400000| Complete 
| 249|0x0000000719500000, 0x0000000719600000, 0x0000000719600000|100%| E|CS|TAMS 0x0000000719500000, 0x0000000719500000| Complete 
| 250|0x0000000719600000, 0x0000000719700000, 0x0000000719700000|100%| O|  |TAMS 0x0000000719700000, 0x0000000719600000| Untracked 
| 251|0x0000000719700000, 0x0000000719800000, 0x0000000719800000|100%| E|CS|TAMS 0x0000000719700000, 0x0000000719700000| Complete 
| 252|0x0000000719800000, 0x0000000719900000, 0x0000000719900000|100%| E|CS|TAMS 0x0000000719800000, 0x0000000719800000| Complete 
| 253|0x0000000719900000, 0x0000000719a00000, 0x0000000719a00000|100%| E|CS|TAMS 0x0000000719900000, 0x0000000719900000| Complete 
| 254|0x0000000719a00000, 0x0000000719b00000, 0x0000000719b00000|100%| E|CS|TAMS 0x0000000719a00000, 0x0000000719a00000| Complete 
| 255|0x0000000719b00000, 0x0000000719c00000, 0x0000000719c00000|100%| E|CS|TAMS 0x0000000719b00000, 0x0000000719b00000| Complete 
| 256|0x0000000719c00000, 0x0000000719d00000, 0x0000000719d00000|100%| E|CS|TAMS 0x0000000719c00000, 0x0000000719c00000| Complete 
| 257|0x0000000719d00000, 0x0000000719e00000, 0x0000000719e00000|100%| E|CS|TAMS 0x0000000719d00000, 0x0000000719d00000| Complete 
| 258|0x0000000719e00000, 0x0000000719f00000, 0x0000000719f00000|100%| E|CS|TAMS 0x0000000719e00000, 0x0000000719e00000| Complete 
| 259|0x0000000719f00000, 0x000000071a000000, 0x000000071a000000|100%| E|CS|TAMS 0x0000000719f00000, 0x0000000719f00000| Complete 
| 260|0x000000071a000000, 0x000000071a100000, 0x000000071a100000|100%| E|CS|TAMS 0x000000071a000000, 0x000000071a000000| Complete 
| 261|0x000000071a100000, 0x000000071a200000, 0x000000071a200000|100%| E|CS|TAMS 0x000000071a100000, 0x000000071a100000| Complete 
| 262|0x000000071a200000, 0x000000071a300000, 0x000000071a300000|100%| E|CS|TAMS 0x000000071a200000, 0x000000071a200000| Complete 
| 263|0x000000071a300000, 0x000000071a400000, 0x000000071a400000|100%| E|CS|TAMS 0x000000071a300000, 0x000000071a300000| Complete 
| 264|0x000000071a400000, 0x000000071a500000, 0x000000071a500000|100%| E|CS|TAMS 0x000000071a400000, 0x000000071a400000| Complete 
| 265|0x000000071a500000, 0x000000071a600000, 0x000000071a600000|100%| E|CS|TAMS 0x000000071a500000, 0x000000071a500000| Complete 
| 266|0x000000071a600000, 0x000000071a700000, 0x000000071a700000|100%| E|CS|TAMS 0x000000071a600000, 0x000000071a600000| Complete 
| 267|0x000000071a700000, 0x000000071a800000, 0x000000071a800000|100%| E|CS|TAMS 0x000000071a700000, 0x000000071a700000| Complete 
| 268|0x000000071a800000, 0x000000071a900000, 0x000000071a900000|100%| E|CS|TAMS 0x000000071a800000, 0x000000071a800000| Complete 
| 269|0x000000071a900000, 0x000000071aa00000, 0x000000071aa00000|100%| E|CS|TAMS 0x000000071a900000, 0x000000071a900000| Complete 
| 270|0x000000071aa00000, 0x000000071ab00000, 0x000000071ab00000|100%| E|CS|TAMS 0x000000071aa00000, 0x000000071aa00000| Complete 
| 271|0x000000071ab00000, 0x000000071ac00000, 0x000000071ac00000|100%| E|CS|TAMS 0x000000071ab00000, 0x000000071ab00000| Complete 
| 272|0x000000071ac00000, 0x000000071ad00000, 0x000000071ad00000|100%| E|CS|TAMS 0x000000071ac00000, 0x000000071ac00000| Complete 
| 273|0x000000071ad00000, 0x000000071ae00000, 0x000000071ae00000|100%| E|CS|TAMS 0x000000071ad00000, 0x000000071ad00000| Complete 
| 274|0x000000071ae00000, 0x000000071af00000, 0x000000071af00000|100%| E|CS|TAMS 0x000000071ae00000, 0x000000071ae00000| Complete 
| 275|0x000000071af00000, 0x000000071b000000, 0x000000071b000000|100%| E|CS|TAMS 0x000000071af00000, 0x000000071af00000| Complete 
| 276|0x000000071b000000, 0x000000071b100000, 0x000000071b100000|100%| E|CS|TAMS 0x000000071b000000, 0x000000071b000000| Complete 
| 277|0x000000071b100000, 0x000000071b200000, 0x000000071b200000|100%| E|CS|TAMS 0x000000071b100000, 0x000000071b100000| Complete 
| 278|0x000000071b200000, 0x000000071b300000, 0x000000071b300000|100%| E|CS|TAMS 0x000000071b200000, 0x000000071b200000| Complete 
| 279|0x000000071b300000, 0x000000071b400000, 0x000000071b400000|100%| E|CS|TAMS 0x000000071b300000, 0x000000071b300000| Complete 
| 280|0x000000071b400000, 0x000000071b500000, 0x000000071b500000|100%| E|CS|TAMS 0x000000071b400000, 0x000000071b400000| Complete 
| 281|0x000000071b500000, 0x000000071b600000, 0x000000071b600000|100%| E|CS|TAMS 0x000000071b500000, 0x000000071b500000| Complete 
| 282|0x000000071b600000, 0x000000071b700000, 0x000000071b700000|100%| E|CS|TAMS 0x000000071b600000, 0x000000071b600000| Complete 
| 283|0x000000071b700000, 0x000000071b800000, 0x000000071b800000|100%| E|CS|TAMS 0x000000071b700000, 0x000000071b700000| Complete 
| 284|0x000000071b800000, 0x000000071b900000, 0x000000071b900000|100%| E|CS|TAMS 0x000000071b800000, 0x000000071b800000| Complete 
| 285|0x000000071b900000, 0x000000071ba00000, 0x000000071ba00000|100%| E|CS|TAMS 0x000000071b900000, 0x000000071b900000| Complete 
| 286|0x000000071ba00000, 0x000000071bb00000, 0x000000071bb00000|100%| E|CS|TAMS 0x000000071ba00000, 0x000000071ba00000| Complete 
| 287|0x000000071bb00000, 0x000000071bc00000, 0x000000071bc00000|100%| E|CS|TAMS 0x000000071bb00000, 0x000000071bb00000| Complete 
| 288|0x000000071bc00000, 0x000000071bd00000, 0x000000071bd00000|100%| E|CS|TAMS 0x000000071bc00000, 0x000000071bc00000| Complete 
| 289|0x000000071bd00000, 0x000000071be00000, 0x000000071be00000|100%| E|CS|TAMS 0x000000071bd00000, 0x000000071bd00000| Complete 
| 290|0x000000071be00000, 0x000000071bf00000, 0x000000071bf00000|100%| E|CS|TAMS 0x000000071be00000, 0x000000071be00000| Complete 
| 291|0x000000071bf00000, 0x000000071c000000, 0x000000071c000000|100%| E|CS|TAMS 0x000000071bf00000, 0x000000071bf00000| Complete 
| 292|0x000000071c000000, 0x000000071c100000, 0x000000071c100000|100%| E|CS|TAMS 0x000000071c000000, 0x000000071c000000| Complete 
| 293|0x000000071c100000, 0x000000071c200000, 0x000000071c200000|100%| E|CS|TAMS 0x000000071c100000, 0x000000071c100000| Complete 
| 294|0x000000071c200000, 0x000000071c300000, 0x000000071c300000|100%| E|CS|TAMS 0x000000071c200000, 0x000000071c200000| Complete 
| 295|0x000000071c300000, 0x000000071c400000, 0x000000071c400000|100%| E|CS|TAMS 0x000000071c300000, 0x000000071c300000| Complete 
| 296|0x000000071c400000, 0x000000071c500000, 0x000000071c500000|100%| E|CS|TAMS 0x000000071c400000, 0x000000071c400000| Complete 
| 297|0x000000071c500000, 0x000000071c600000, 0x000000071c600000|100%| E|CS|TAMS 0x000000071c500000, 0x000000071c500000| Complete 
| 298|0x000000071c600000, 0x000000071c700000, 0x000000071c700000|100%| E|CS|TAMS 0x000000071c600000, 0x000000071c600000| Complete 
| 299|0x000000071c700000, 0x000000071c800000, 0x000000071c800000|100%| E|CS|TAMS 0x000000071c700000, 0x000000071c700000| Complete 
| 300|0x000000071c800000, 0x000000071c900000, 0x000000071c900000|100%| E|CS|TAMS 0x000000071c800000, 0x000000071c800000| Complete 
| 301|0x000000071c900000, 0x000000071ca00000, 0x000000071ca00000|100%| E|CS|TAMS 0x000000071c900000, 0x000000071c900000| Complete 
| 302|0x000000071ca00000, 0x000000071cb00000, 0x000000071cb00000|100%| E|CS|TAMS 0x000000071ca00000, 0x000000071ca00000| Complete 
| 303|0x000000071cb00000, 0x000000071cc00000, 0x000000071cc00000|100%| E|CS|TAMS 0x000000071cb00000, 0x000000071cb00000| Complete 
| 304|0x000000071cc00000, 0x000000071cd00000, 0x000000071cd00000|100%| E|CS|TAMS 0x000000071cc00000, 0x000000071cc00000| Complete 
| 305|0x000000071cd00000, 0x000000071ce00000, 0x000000071ce00000|100%| E|CS|TAMS 0x000000071cd00000, 0x000000071cd00000| Complete 
| 306|0x000000071ce00000, 0x000000071cf00000, 0x000000071cf00000|100%| E|CS|TAMS 0x000000071ce00000, 0x000000071ce00000| Complete 
| 307|0x000000071cf00000, 0x000000071d000000, 0x000000071d000000|100%| E|CS|TAMS 0x000000071cf00000, 0x000000071cf00000| Complete 
| 308|0x000000071d000000, 0x000000071d100000, 0x000000071d100000|100%| E|CS|TAMS 0x000000071d000000, 0x000000071d000000| Complete 
| 309|0x000000071d100000, 0x000000071d200000, 0x000000071d200000|100%| E|CS|TAMS 0x000000071d100000, 0x000000071d100000| Complete 
| 310|0x000000071d200000, 0x000000071d300000, 0x000000071d300000|100%| E|CS|TAMS 0x000000071d200000, 0x000000071d200000| Complete 
| 311|0x000000071d300000, 0x000000071d400000, 0x000000071d400000|100%| E|CS|TAMS 0x000000071d300000, 0x000000071d300000| Complete 
| 312|0x000000071d400000, 0x000000071d500000, 0x000000071d500000|100%| E|CS|TAMS 0x000000071d400000, 0x000000071d400000| Complete 
| 313|0x000000071d500000, 0x000000071d600000, 0x000000071d600000|100%| E|CS|TAMS 0x000000071d500000, 0x000000071d500000| Complete 
| 314|0x000000071d600000, 0x000000071d700000, 0x000000071d700000|100%| E|CS|TAMS 0x000000071d600000, 0x000000071d600000| Complete 
| 315|0x000000071d700000, 0x000000071d800000, 0x000000071d800000|100%| E|CS|TAMS 0x000000071d700000, 0x000000071d700000| Complete 
| 316|0x000000071d800000, 0x000000071d900000, 0x000000071d900000|100%| E|CS|TAMS 0x000000071d800000, 0x000000071d800000| Complete 
| 317|0x000000071d900000, 0x000000071da00000, 0x000000071da00000|100%| E|CS|TAMS 0x000000071d900000, 0x000000071d900000| Complete 
| 318|0x000000071da00000, 0x000000071db00000, 0x000000071db00000|100%| E|CS|TAMS 0x000000071da00000, 0x000000071da00000| Complete 
| 319|0x000000071db00000, 0x000000071dc00000, 0x000000071dc00000|100%| E|CS|TAMS 0x000000071db00000, 0x000000071db00000| Complete 
| 320|0x000000071dc00000, 0x000000071dd00000, 0x000000071dd00000|100%| E|CS|TAMS 0x000000071dc00000, 0x000000071dc00000| Complete 
| 321|0x000000071dd00000, 0x000000071de00000, 0x000000071de00000|100%| E|CS|TAMS 0x000000071dd00000, 0x000000071dd00000| Complete 
| 322|0x000000071de00000, 0x000000071df00000, 0x000000071df00000|100%| E|CS|TAMS 0x000000071de00000, 0x000000071de00000| Complete 
| 323|0x000000071df00000, 0x000000071e000000, 0x000000071e000000|100%| E|CS|TAMS 0x000000071df00000, 0x000000071df00000| Complete 
| 324|0x000000071e000000, 0x000000071e100000, 0x000000071e100000|100%| E|CS|TAMS 0x000000071e000000, 0x000000071e000000| Complete 
| 325|0x000000071e100000, 0x000000071e200000, 0x000000071e200000|100%| E|CS|TAMS 0x000000071e100000, 0x000000071e100000| Complete 
| 326|0x000000071e200000, 0x000000071e300000, 0x000000071e300000|100%| E|CS|TAMS 0x000000071e200000, 0x000000071e200000| Complete 
| 327|0x000000071e300000, 0x000000071e400000, 0x000000071e400000|100%| E|CS|TAMS 0x000000071e300000, 0x000000071e300000| Complete 
| 328|0x000000071e400000, 0x000000071e500000, 0x000000071e500000|100%| E|CS|TAMS 0x000000071e400000, 0x000000071e400000| Complete 
| 329|0x000000071e500000, 0x000000071e600000, 0x000000071e600000|100%| E|CS|TAMS 0x000000071e500000, 0x000000071e500000| Complete 
| 330|0x000000071e600000, 0x000000071e700000, 0x000000071e700000|100%| E|CS|TAMS 0x000000071e600000, 0x000000071e600000| Complete 
| 331|0x000000071e700000, 0x000000071e800000, 0x000000071e800000|100%| E|CS|TAMS 0x000000071e700000, 0x000000071e700000| Complete 
| 332|0x000000071e800000, 0x000000071e900000, 0x000000071e900000|100%| E|CS|TAMS 0x000000071e800000, 0x000000071e800000| Complete 
| 333|0x000000071e900000, 0x000000071ea00000, 0x000000071ea00000|100%| E|CS|TAMS 0x000000071e900000, 0x000000071e900000| Complete 
| 334|0x000000071ea00000, 0x000000071eb00000, 0x000000071eb00000|100%| E|CS|TAMS 0x000000071ea00000, 0x000000071ea00000| Complete 
| 335|0x000000071eb00000, 0x000000071ec00000, 0x000000071ec00000|100%| E|CS|TAMS 0x000000071eb00000, 0x000000071eb00000| Complete 
| 336|0x000000071ec00000, 0x000000071ed00000, 0x000000071ed00000|100%| E|CS|TAMS 0x000000071ec00000, 0x000000071ec00000| Complete 
| 337|0x000000071ed00000, 0x000000071ee00000, 0x000000071ee00000|100%| E|CS|TAMS 0x000000071ed00000, 0x000000071ed00000| Complete 
| 338|0x000000071ee00000, 0x000000071ef00000, 0x000000071ef00000|100%| E|CS|TAMS 0x000000071ee00000, 0x000000071ee00000| Complete 
| 339|0x000000071ef00000, 0x000000071f000000, 0x000000071f000000|100%| E|CS|TAMS 0x000000071ef00000, 0x000000071ef00000| Complete 
| 340|0x000000071f000000, 0x000000071f100000, 0x000000071f100000|100%| E|CS|TAMS 0x000000071f000000, 0x000000071f000000| Complete 
| 341|0x000000071f100000, 0x000000071f200000, 0x000000071f200000|100%| E|CS|TAMS 0x000000071f100000, 0x000000071f100000| Complete 
| 342|0x000000071f200000, 0x000000071f300000, 0x000000071f300000|100%| E|CS|TAMS 0x000000071f200000, 0x000000071f200000| Complete 
| 343|0x000000071f300000, 0x000000071f400000, 0x000000071f400000|100%| E|CS|TAMS 0x000000071f300000, 0x000000071f300000| Complete 
| 344|0x000000071f400000, 0x000000071f500000, 0x000000071f500000|100%| E|CS|TAMS 0x000000071f400000, 0x000000071f400000| Complete 
| 345|0x000000071f500000, 0x000000071f600000, 0x000000071f600000|100%| E|CS|TAMS 0x000000071f500000, 0x000000071f500000| Complete 
| 346|0x000000071f600000, 0x000000071f700000, 0x000000071f700000|100%| E|CS|TAMS 0x000000071f600000, 0x000000071f600000| Complete 
| 347|0x000000071f700000, 0x000000071f800000, 0x000000071f800000|100%| E|CS|TAMS 0x000000071f700000, 0x000000071f700000| Complete 
| 348|0x000000071f800000, 0x000000071f900000, 0x000000071f900000|100%| E|CS|TAMS 0x000000071f800000, 0x000000071f800000| Complete 
| 349|0x000000071f900000, 0x000000071fa00000, 0x000000071fa00000|100%| E|CS|TAMS 0x000000071f900000, 0x000000071f900000| Complete 
| 350|0x000000071fa00000, 0x000000071fb00000, 0x000000071fb00000|100%| E|CS|TAMS 0x000000071fa00000, 0x000000071fa00000| Complete 
| 351|0x000000071fb00000, 0x000000071fc00000, 0x000000071fc00000|100%| E|CS|TAMS 0x000000071fb00000, 0x000000071fb00000| Complete 
| 352|0x000000071fc00000, 0x000000071fd00000, 0x000000071fd00000|100%| E|CS|TAMS 0x000000071fc00000, 0x000000071fc00000| Complete 
| 353|0x000000071fd00000, 0x000000071fe00000, 0x000000071fe00000|100%| E|CS|TAMS 0x000000071fd00000, 0x000000071fd00000| Complete 
| 354|0x000000071fe00000, 0x000000071ff00000, 0x000000071ff00000|100%| E|CS|TAMS 0x000000071fe00000, 0x000000071fe00000| Complete 
| 355|0x000000071ff00000, 0x0000000720000000, 0x0000000720000000|100%| E|CS|TAMS 0x000000071ff00000, 0x000000071ff00000| Complete 
| 356|0x0000000720000000, 0x0000000720100000, 0x0000000720100000|100%| E|CS|TAMS 0x0000000720000000, 0x0000000720000000| Complete 
| 357|0x0000000720100000, 0x0000000720200000, 0x0000000720200000|100%| E|CS|TAMS 0x0000000720100000, 0x0000000720100000| Complete 
| 358|0x0000000720200000, 0x0000000720300000, 0x0000000720300000|100%| E|CS|TAMS 0x0000000720200000, 0x0000000720200000| Complete 
| 359|0x0000000720300000, 0x0000000720400000, 0x0000000720400000|100%| E|CS|TAMS 0x0000000720300000, 0x0000000720300000| Complete 
| 360|0x0000000720400000, 0x0000000720500000, 0x0000000720500000|100%| E|CS|TAMS 0x0000000720400000, 0x0000000720400000| Complete 
| 361|0x0000000720500000, 0x0000000720600000, 0x0000000720600000|100%| E|CS|TAMS 0x0000000720500000, 0x0000000720500000| Complete 
| 362|0x0000000720600000, 0x0000000720700000, 0x0000000720700000|100%| E|CS|TAMS 0x0000000720600000, 0x0000000720600000| Complete 
| 363|0x0000000720700000, 0x0000000720800000, 0x0000000720800000|100%| E|CS|TAMS 0x0000000720700000, 0x0000000720700000| Complete 
| 364|0x0000000720800000, 0x0000000720900000, 0x0000000720900000|100%| E|CS|TAMS 0x0000000720800000, 0x0000000720800000| Complete 
| 365|0x0000000720900000, 0x0000000720a00000, 0x0000000720a00000|100%| E|CS|TAMS 0x0000000720900000, 0x0000000720900000| Complete 
| 366|0x0000000720a00000, 0x0000000720b00000, 0x0000000720b00000|100%| E|CS|TAMS 0x0000000720a00000, 0x0000000720a00000| Complete 
| 367|0x0000000720b00000, 0x0000000720c00000, 0x0000000720c00000|100%| E|CS|TAMS 0x0000000720b00000, 0x0000000720b00000| Complete 
| 368|0x0000000720c00000, 0x0000000720d00000, 0x0000000720d00000|100%| E|CS|TAMS 0x0000000720c00000, 0x0000000720c00000| Complete 
| 369|0x0000000720d00000, 0x0000000720e00000, 0x0000000720e00000|100%| E|CS|TAMS 0x0000000720d00000, 0x0000000720d00000| Complete 
| 370|0x0000000720e00000, 0x0000000720f00000, 0x0000000720f00000|100%| E|CS|TAMS 0x0000000720e00000, 0x0000000720e00000| Complete 
| 371|0x0000000720f00000, 0x0000000721000000, 0x0000000721000000|100%| E|CS|TAMS 0x0000000720f00000, 0x0000000720f00000| Complete 
| 372|0x0000000721000000, 0x0000000721100000, 0x0000000721100000|100%| E|CS|TAMS 0x0000000721000000, 0x0000000721000000| Complete 
| 373|0x0000000721100000, 0x0000000721200000, 0x0000000721200000|100%| E|CS|TAMS 0x0000000721100000, 0x0000000721100000| Complete 
| 374|0x0000000721200000, 0x0000000721300000, 0x0000000721300000|100%| E|CS|TAMS 0x0000000721200000, 0x0000000721200000| Complete 
| 375|0x0000000721300000, 0x0000000721400000, 0x0000000721400000|100%| E|CS|TAMS 0x0000000721300000, 0x0000000721300000| Complete 
| 376|0x0000000721400000, 0x0000000721500000, 0x0000000721500000|100%| E|CS|TAMS 0x0000000721400000, 0x0000000721400000| Complete 
| 377|0x0000000721500000, 0x0000000721600000, 0x0000000721600000|100%| E|CS|TAMS 0x0000000721500000, 0x0000000721500000| Complete 
| 378|0x0000000721600000, 0x0000000721700000, 0x0000000721700000|100%| E|CS|TAMS 0x0000000721600000, 0x0000000721600000| Complete 
| 379|0x0000000721700000, 0x0000000721800000, 0x0000000721800000|100%| E|CS|TAMS 0x0000000721700000, 0x0000000721700000| Complete 
| 380|0x0000000721800000, 0x0000000721900000, 0x0000000721900000|100%| E|CS|TAMS 0x0000000721800000, 0x0000000721800000| Complete 
| 381|0x0000000721900000, 0x0000000721a00000, 0x0000000721a00000|100%| E|CS|TAMS 0x0000000721900000, 0x0000000721900000| Complete 
| 382|0x0000000721a00000, 0x0000000721b00000, 0x0000000721b00000|100%| E|CS|TAMS 0x0000000721a00000, 0x0000000721a00000| Complete 
| 383|0x0000000721b00000, 0x0000000721c00000, 0x0000000721c00000|100%| E|CS|TAMS 0x0000000721b00000, 0x0000000721b00000| Complete 
| 384|0x0000000721c00000, 0x0000000721d00000, 0x0000000721d00000|100%| E|CS|TAMS 0x0000000721c00000, 0x0000000721c00000| Complete 
| 385|0x0000000721d00000, 0x0000000721e00000, 0x0000000721e00000|100%| E|CS|TAMS 0x0000000721d00000, 0x0000000721d00000| Complete 
| 386|0x0000000721e00000, 0x0000000721f00000, 0x0000000721f00000|100%| E|CS|TAMS 0x0000000721e00000, 0x0000000721e00000| Complete 
| 387|0x0000000721f00000, 0x0000000722000000, 0x0000000722000000|100%| E|CS|TAMS 0x0000000721f00000, 0x0000000721f00000| Complete 
| 388|0x0000000722000000, 0x0000000722100000, 0x0000000722100000|100%| E|CS|TAMS 0x0000000722000000, 0x0000000722000000| Complete 
| 389|0x0000000722100000, 0x0000000722200000, 0x0000000722200000|100%| E|CS|TAMS 0x0000000722100000, 0x0000000722100000| Complete 
| 390|0x0000000722200000, 0x0000000722300000, 0x0000000722300000|100%| E|CS|TAMS 0x0000000722200000, 0x0000000722200000| Complete 
| 391|0x0000000722300000, 0x0000000722400000, 0x0000000722400000|100%| E|CS|TAMS 0x0000000722300000, 0x0000000722300000| Complete 
| 392|0x0000000722400000, 0x0000000722500000, 0x0000000722500000|100%| E|CS|TAMS 0x0000000722400000, 0x0000000722400000| Complete 
| 393|0x0000000722500000, 0x0000000722600000, 0x0000000722600000|100%| E|CS|TAMS 0x0000000722500000, 0x0000000722500000| Complete 
| 394|0x0000000722600000, 0x0000000722700000, 0x0000000722700000|100%| E|CS|TAMS 0x0000000722600000, 0x0000000722600000| Complete 
| 395|0x0000000722700000, 0x0000000722800000, 0x0000000722800000|100%| E|CS|TAMS 0x0000000722700000, 0x0000000722700000| Complete 
| 396|0x0000000722800000, 0x0000000722900000, 0x0000000722900000|100%| E|CS|TAMS 0x0000000722800000, 0x0000000722800000| Complete 
| 397|0x0000000722900000, 0x0000000722a00000, 0x0000000722a00000|100%| E|CS|TAMS 0x0000000722900000, 0x0000000722900000| Complete 
| 398|0x0000000722a00000, 0x0000000722b00000, 0x0000000722b00000|100%| E|CS|TAMS 0x0000000722a00000, 0x0000000722a00000| Complete 
| 399|0x0000000722b00000, 0x0000000722c00000, 0x0000000722c00000|100%| E|CS|TAMS 0x0000000722b00000, 0x0000000722b00000| Complete 
| 400|0x0000000722c00000, 0x0000000722d00000, 0x0000000722d00000|100%| E|CS|TAMS 0x0000000722c00000, 0x0000000722c00000| Complete 
| 401|0x0000000722d00000, 0x0000000722e00000, 0x0000000722e00000|100%| E|CS|TAMS 0x0000000722d00000, 0x0000000722d00000| Complete 
| 402|0x0000000722e00000, 0x0000000722f00000, 0x0000000722f00000|100%| E|CS|TAMS 0x0000000722e00000, 0x0000000722e00000| Complete 
| 403|0x0000000722f00000, 0x0000000723000000, 0x0000000723000000|100%| E|CS|TAMS 0x0000000722f00000, 0x0000000722f00000| Complete 
| 404|0x0000000723000000, 0x0000000723100000, 0x0000000723100000|100%| E|CS|TAMS 0x0000000723000000, 0x0000000723000000| Complete 
| 405|0x0000000723100000, 0x0000000723200000, 0x0000000723200000|100%| E|CS|TAMS 0x0000000723100000, 0x0000000723100000| Complete 
| 406|0x0000000723200000, 0x0000000723300000, 0x0000000723300000|100%| E|CS|TAMS 0x0000000723200000, 0x0000000723200000| Complete 
| 407|0x0000000723300000, 0x0000000723400000, 0x0000000723400000|100%| E|CS|TAMS 0x0000000723300000, 0x0000000723300000| Complete 
| 408|0x0000000723400000, 0x0000000723500000, 0x0000000723500000|100%| E|CS|TAMS 0x0000000723400000, 0x0000000723400000| Complete 
| 409|0x0000000723500000, 0x0000000723600000, 0x0000000723600000|100%| E|CS|TAMS 0x0000000723500000, 0x0000000723500000| Complete 
| 410|0x0000000723600000, 0x0000000723700000, 0x0000000723700000|100%| E|CS|TAMS 0x0000000723600000, 0x0000000723600000| Complete 
| 411|0x0000000723700000, 0x0000000723800000, 0x0000000723800000|100%| E|CS|TAMS 0x0000000723700000, 0x0000000723700000| Complete 
| 412|0x0000000723800000, 0x0000000723900000, 0x0000000723900000|100%| E|CS|TAMS 0x0000000723800000, 0x0000000723800000| Complete 
| 413|0x0000000723900000, 0x0000000723a00000, 0x0000000723a00000|100%| E|CS|TAMS 0x0000000723900000, 0x0000000723900000| Complete 
| 414|0x0000000723a00000, 0x0000000723b00000, 0x0000000723b00000|100%| E|CS|TAMS 0x0000000723a00000, 0x0000000723a00000| Complete 
| 415|0x0000000723b00000, 0x0000000723c00000, 0x0000000723c00000|100%| E|CS|TAMS 0x0000000723b00000, 0x0000000723b00000| Complete 
| 416|0x0000000723c00000, 0x0000000723d00000, 0x0000000723d00000|100%| E|CS|TAMS 0x0000000723c00000, 0x0000000723c00000| Complete 
| 417|0x0000000723d00000, 0x0000000723e00000, 0x0000000723e00000|100%| E|CS|TAMS 0x0000000723d00000, 0x0000000723d00000| Complete 
| 418|0x0000000723e00000, 0x0000000723f00000, 0x0000000723f00000|100%| E|CS|TAMS 0x0000000723e00000, 0x0000000723e00000| Complete 
| 419|0x0000000723f00000, 0x0000000724000000, 0x0000000724000000|100%| E|CS|TAMS 0x0000000723f00000, 0x0000000723f00000| Complete 
| 420|0x0000000724000000, 0x0000000724100000, 0x0000000724100000|100%| E|CS|TAMS 0x0000000724000000, 0x0000000724000000| Complete 
| 421|0x0000000724100000, 0x0000000724200000, 0x0000000724200000|100%| E|CS|TAMS 0x0000000724100000, 0x0000000724100000| Complete 
| 422|0x0000000724200000, 0x0000000724300000, 0x0000000724300000|100%| E|CS|TAMS 0x0000000724200000, 0x0000000724200000| Complete 
| 423|0x0000000724300000, 0x0000000724400000, 0x0000000724400000|100%| E|CS|TAMS 0x0000000724300000, 0x0000000724300000| Complete 
| 424|0x0000000724400000, 0x0000000724500000, 0x0000000724500000|100%| E|CS|TAMS 0x0000000724400000, 0x0000000724400000| Complete 
| 425|0x0000000724500000, 0x0000000724600000, 0x0000000724600000|100%| E|CS|TAMS 0x0000000724500000, 0x0000000724500000| Complete 
| 426|0x0000000724600000, 0x0000000724700000, 0x0000000724700000|100%| E|CS|TAMS 0x0000000724600000, 0x0000000724600000| Complete 
| 427|0x0000000724700000, 0x0000000724800000, 0x0000000724800000|100%| E|CS|TAMS 0x0000000724700000, 0x0000000724700000| Complete 
| 428|0x0000000724800000, 0x0000000724900000, 0x0000000724900000|100%| E|CS|TAMS 0x0000000724800000, 0x0000000724800000| Complete 
| 429|0x0000000724900000, 0x0000000724a00000, 0x0000000724a00000|100%| E|CS|TAMS 0x0000000724900000, 0x0000000724900000| Complete 
| 430|0x0000000724a00000, 0x0000000724b00000, 0x0000000724b00000|100%| E|CS|TAMS 0x0000000724a00000, 0x0000000724a00000| Complete 
| 431|0x0000000724b00000, 0x0000000724c00000, 0x0000000724c00000|100%| E|CS|TAMS 0x0000000724b00000, 0x0000000724b00000| Complete 
| 432|0x0000000724c00000, 0x0000000724d00000, 0x0000000724d00000|100%| E|CS|TAMS 0x0000000724c00000, 0x0000000724c00000| Complete 
| 433|0x0000000724d00000, 0x0000000724e00000, 0x0000000724e00000|100%| E|CS|TAMS 0x0000000724d00000, 0x0000000724d00000| Complete 
| 434|0x0000000724e00000, 0x0000000724f00000, 0x0000000724f00000|100%| E|CS|TAMS 0x0000000724e00000, 0x0000000724e00000| Complete 
| 435|0x0000000724f00000, 0x0000000725000000, 0x0000000725000000|100%| E|CS|TAMS 0x0000000724f00000, 0x0000000724f00000| Complete 
| 436|0x0000000725000000, 0x0000000725100000, 0x0000000725100000|100%| E|CS|TAMS 0x0000000725000000, 0x0000000725000000| Complete 
| 437|0x0000000725100000, 0x0000000725200000, 0x0000000725200000|100%| E|CS|TAMS 0x0000000725100000, 0x0000000725100000| Complete 
| 438|0x0000000725200000, 0x0000000725300000, 0x0000000725300000|100%| E|CS|TAMS 0x0000000725200000, 0x0000000725200000| Complete 
| 439|0x0000000725300000, 0x0000000725400000, 0x0000000725400000|100%| E|CS|TAMS 0x0000000725300000, 0x0000000725300000| Complete 
| 440|0x0000000725400000, 0x0000000725500000, 0x0000000725500000|100%| E|CS|TAMS 0x0000000725400000, 0x0000000725400000| Complete 
| 441|0x0000000725500000, 0x0000000725600000, 0x0000000725600000|100%| E|CS|TAMS 0x0000000725500000, 0x0000000725500000| Complete 
| 442|0x0000000725600000, 0x0000000725700000, 0x0000000725700000|100%| E|CS|TAMS 0x0000000725600000, 0x0000000725600000| Complete 
| 443|0x0000000725700000, 0x0000000725800000, 0x0000000725800000|100%| E|CS|TAMS 0x0000000725700000, 0x0000000725700000| Complete 
| 444|0x0000000725800000, 0x0000000725900000, 0x0000000725900000|100%| E|CS|TAMS 0x0000000725800000, 0x0000000725800000| Complete 
| 445|0x0000000725900000, 0x0000000725a00000, 0x0000000725a00000|100%| E|CS|TAMS 0x0000000725900000, 0x0000000725900000| Complete 
| 446|0x0000000725a00000, 0x0000000725b00000, 0x0000000725b00000|100%| E|CS|TAMS 0x0000000725a00000, 0x0000000725a00000| Complete 
| 447|0x0000000725b00000, 0x0000000725c00000, 0x0000000725c00000|100%| E|CS|TAMS 0x0000000725b00000, 0x0000000725b00000| Complete 
| 448|0x0000000725c00000, 0x0000000725d00000, 0x0000000725d00000|100%| E|CS|TAMS 0x0000000725c00000, 0x0000000725c00000| Complete 
| 449|0x0000000725d00000, 0x0000000725e00000, 0x0000000725e00000|100%| E|CS|TAMS 0x0000000725d00000, 0x0000000725d00000| Complete 
| 450|0x0000000725e00000, 0x0000000725f00000, 0x0000000725f00000|100%| E|CS|TAMS 0x0000000725e00000, 0x0000000725e00000| Complete 
| 451|0x0000000725f00000, 0x0000000726000000, 0x0000000726000000|100%| E|CS|TAMS 0x0000000725f00000, 0x0000000725f00000| Complete 
| 452|0x0000000726000000, 0x0000000726100000, 0x0000000726100000|100%| E|CS|TAMS 0x0000000726000000, 0x0000000726000000| Complete 
| 453|0x0000000726100000, 0x0000000726200000, 0x0000000726200000|100%| E|CS|TAMS 0x0000000726100000, 0x0000000726100000| Complete 
| 454|0x0000000726200000, 0x0000000726300000, 0x0000000726300000|100%| E|CS|TAMS 0x0000000726200000, 0x0000000726200000| Complete 
| 455|0x0000000726300000, 0x0000000726400000, 0x0000000726400000|100%| E|CS|TAMS 0x0000000726300000, 0x0000000726300000| Complete 
| 456|0x0000000726400000, 0x0000000726500000, 0x0000000726500000|100%| E|CS|TAMS 0x0000000726400000, 0x0000000726400000| Complete 
| 457|0x0000000726500000, 0x0000000726600000, 0x0000000726600000|100%| E|CS|TAMS 0x0000000726500000, 0x0000000726500000| Complete 
| 458|0x0000000726600000, 0x0000000726700000, 0x0000000726700000|100%| E|CS|TAMS 0x0000000726600000, 0x0000000726600000| Complete 
| 459|0x0000000726700000, 0x0000000726706870, 0x0000000726800000|  2%| S|CS|TAMS 0x0000000726700000, 0x0000000726700000| Complete 
| 460|0x0000000726800000, 0x0000000726900000, 0x0000000726900000|100%| E|CS|TAMS 0x0000000726800000, 0x0000000726800000| Complete 
| 461|0x0000000726900000, 0x0000000726a00000, 0x0000000726a00000|100%| E|CS|TAMS 0x0000000726900000, 0x0000000726900000| Complete 
| 462|0x0000000726a00000, 0x0000000726b00000, 0x0000000726b00000|100%| E|CS|TAMS 0x0000000726a00000, 0x0000000726a00000| Complete 
| 463|0x0000000726b00000, 0x0000000726c00000, 0x0000000726c00000|100%| E|CS|TAMS 0x0000000726b00000, 0x0000000726b00000| Complete 

Card table byte_map: [0x000001db67a30000,0x000001db681f0000] _byte_map_base: 0x000001db641e2000

Marking Bits (Prev, Next): (CMBitMap*) 0x000001db4e116d50, (CMBitMap*) 0x000001db4e116d18
 Prev Bits: [0x000001db6c740000, 0x000001db704d0000)
 Next Bits: [0x000001db689b0000, 0x000001db6c740000)

Polling page: 0x000001db4c080000

Metaspace:

Usage:
  Non-class:     54.49 MB capacity,    53.66 MB ( 98%) used,   665.76 KB (  1%) free+waste,   181.69 KB ( <1%) overhead. 
      Class:      7.15 MB capacity,     6.50 MB ( 91%) used,   577.09 KB (  8%) free+waste,    92.00 KB (  1%) overhead. 
       Both:     61.64 MB capacity,    60.16 MB ( 98%) used,     1.21 MB (  2%) free+waste,   273.69 KB ( <1%) overhead. 

Virtual space:
  Non-class space:       56.00 MB reserved,      54.50 MB ( 97%) committed 
      Class space:        1.00 GB reserved,       7.25 MB ( <1%) committed 
             Both:        1.05 GB reserved,      61.75 MB (  6%) committed 

Chunk freelists:
   Non-Class:  14.00 KB
       Class:  2.00 KB
        Both:  16.00 KB

MaxMetaspaceSize: 17179869184.00 GB
CompressedClassSpaceSize: 1.00 GB
Initial GC threshold: 20.80 MB
Current GC threshold: 84.79 MB
CDS: on

CodeHeap 'non-profiled nmethods': size=120000Kb used=6241Kb max_used=6241Kb free=113758Kb
 bounds [0x000001db5fa00000, 0x000001db60020000, 0x000001db66f30000]
CodeHeap 'profiled nmethods': size=120000Kb used=18191Kb max_used=18191Kb free=101808Kb
 bounds [0x000001db584d0000, 0x000001db596a0000, 0x000001db5fa00000]
CodeHeap 'non-nmethods': size=5760Kb used=1608Kb max_used=1693Kb free=4151Kb
 bounds [0x000001db57f30000, 0x000001db581a0000, 0x000001db584d0000]
 total_blobs=8435 nmethods=7541 adapters=813
 compilation: enabled
              stopped_count=0, restarted_count=0
 full_count=0

Compilation events (20 events):
Event: 430.201 Thread 0x000001db73031000 7561       3       sun.java2d.pipe.BufferedTextPipe::enqueueGlyphList (220 bytes)
Event: 430.202 Thread 0x000001db73031000 nmethod 7561 0x000001db5968c690 code [0x000001db5968c9a0, 0x000001db5968da28]
Event: 430.586 Thread 0x000001db73031000 7563       3       sun.awt.windows.WGlobalCursorManager::getCursorManager (20 bytes)
Event: 430.586 Thread 0x000001db73031000 nmethod 7563 0x000001db5968e210 code [0x000001db5968e400, 0x000001db5968ea58]
Event: 430.593 Thread 0x000001db73031000 7564   !   3       sun.awt.GlobalCursorManager::_updateCursor (165 bytes)
Event: 430.595 Thread 0x000001db73031000 nmethod 7564 0x000001db5968ec10 code [0x000001db5968efa0, 0x000001db59690b38]
Event: 430.615 Thread 0x000001db73031000 7566       3       sun.awt.windows.WToolkit::targetToPeer (5 bytes)
Event: 430.615 Thread 0x000001db73031000 nmethod 7566 0x000001db59691590 code [0x000001db596917a0, 0x000001db59691d18]
Event: 430.615 Thread 0x000001db73031000 7567       3       sun.awt.SunToolkit::targetToPeer (20 bytes)
Event: 430.616 Thread 0x000001db73031000 nmethod 7567 0x000001db59691f10 code [0x000001db59692120, 0x000001db59692638]
Event: 430.622 Thread 0x000001db73031000 7570       3       sun.awt.windows.WObjectPeer::getPeerForTarget (10 bytes)
Event: 430.623 Thread 0x000001db73031000 nmethod 7570 0x000001db59692810 code [0x000001db59692a40, 0x000001db59693118]
Event: 450.204 Thread 0x000001db7302c000 7571       4       java.util.HashMap::isEmpty (13 bytes)
Event: 450.204 Thread 0x000001db7302c000 nmethod 7571 0x000001db60017a90 code [0x000001db60017c20, 0x000001db60017c98]
Event: 512.746 Thread 0x000001db73031000 7572       1       sun.awt.WeakIdentityHashMap$WeakKey::hashCode (5 bytes)
Event: 512.746 Thread 0x000001db73031000 nmethod 7572 0x000001db60017d90 code [0x000001db60017f40, 0x000001db60018018]
Event: 513.053 Thread 0x000001db73031000 7574       3       java.util.LinkedList::unlinkLast (64 bytes)
Event: 513.054 Thread 0x000001db73031000 nmethod 7574 0x000001db59693390 code [0x000001db59693560, 0x000001db59693838]
Event: 513.074 Thread 0x000001db73031000 7575       3       java.util.concurrent.locks.AbstractQueuedSynchronizer$ConditionObject::doSignalAll (36 bytes)
Event: 513.075 Thread 0x000001db73031000 nmethod 7575 0x000001db59693910 code [0x000001db59693ae0, 0x000001db59693dc8]

GC Heap History (20 events):
Event: 17.016 GC heap before
{Heap before GC invocations=40 (full 0):
 garbage-first heap   total 391168K, used 184311K [0x0000000709c00000, 0x0000000800000000)
  region size 1024K, 11 young (11264K), 8 survivors (8192K)
 Metaspace       used 50527K, capacity 51914K, committed 52096K, reserved 1095680K
  class space    used 5661K, capacity 6250K, committed 6272K, reserved 1048576K
}
Event: 17.021 GC heap after
{Heap after GC invocations=41 (full 0):
 garbage-first heap   total 391168K, used 36988K [0x0000000709c00000, 0x0000000800000000)
  region size 1024K, 1 young (1024K), 1 survivors (1024K)
 Metaspace       used 50527K, capacity 51914K, committed 52096K, reserved 1095680K
  class space    used 5661K, capacity 6250K, committed 6272K, reserved 1048576K
}
Event: 17.371 GC heap before
{Heap before GC invocations=42 (full 0):
 garbage-first heap   total 391168K, used 178300K [0x0000000709c00000, 0x0000000800000000)
  region size 1024K, 4 young (4096K), 1 survivors (1024K)
 Metaspace       used 50527K, capacity 51914K, committed 52096K, reserved 1095680K
  class space    used 5661K, capacity 6250K, committed 6272K, reserved 1048576K
}
Event: 17.376 GC heap after
{Heap after GC invocations=43 (full 0):
 garbage-first heap   total 475136K, used 36341K [0x0000000709c00000, 0x0000000800000000)
  region size 1024K, 1 young (1024K), 1 survivors (1024K)
 Metaspace       used 50527K, capacity 51914K, committed 52096K, reserved 1095680K
  class space    used 5661K, capacity 6250K, committed 6272K, reserved 1048576K
}
Event: 18.018 GC heap before
{Heap before GC invocations=44 (full 0):
 garbage-first heap   total 475136K, used 214517K [0x0000000709c00000, 0x0000000800000000)
  region size 1024K, 4 young (4096K), 1 survivors (1024K)
 Metaspace       used 50527K, capacity 51914K, committed 52096K, reserved 1095680K
  class space    used 5661K, capacity 6250K, committed 6272K, reserved 1048576K
}
Event: 18.020 GC heap after
{Heap after GC invocations=45 (full 0):
 garbage-first heap   total 475136K, used 36286K [0x0000000709c00000, 0x0000000800000000)
  region size 1024K, 1 young (1024K), 1 survivors (1024K)
 Metaspace       used 50527K, capacity 51914K, committed 52096K, reserved 1095680K
  class space    used 5661K, capacity 6250K, committed 6272K, reserved 1048576K
}
Event: 18.302 GC heap before
{Heap before GC invocations=46 (full 0):
 garbage-first heap   total 475136K, used 214462K [0x0000000709c00000, 0x0000000800000000)
  region size 1024K, 4 young (4096K), 1 survivors (1024K)
 Metaspace       used 50527K, capacity 51914K, committed 52096K, reserved 1095680K
  class space    used 5661K, capacity 6250K, committed 6272K, reserved 1048576K
}
Event: 18.304 GC heap after
{Heap after GC invocations=47 (full 0):
 garbage-first heap   total 475136K, used 36288K [0x0000000709c00000, 0x0000000800000000)
  region size 1024K, 1 young (1024K), 1 survivors (1024K)
 Metaspace       used 50527K, capacity 51914K, committed 52096K, reserved 1095680K
  class space    used 5661K, capacity 6250K, committed 6272K, reserved 1048576K
}
Event: 18.515 GC heap before
{Heap before GC invocations=48 (full 0):
 garbage-first heap   total 475136K, used 214464K [0x0000000709c00000, 0x0000000800000000)
  region size 1024K, 4 young (4096K), 1 survivors (1024K)
 Metaspace       used 50527K, capacity 51914K, committed 52096K, reserved 1095680K
  class space    used 5661K, capacity 6250K, committed 6272K, reserved 1048576K
}
Event: 18.517 GC heap after
{Heap after GC invocations=49 (full 0):
 garbage-first heap   total 475136K, used 36278K [0x0000000709c00000, 0x0000000800000000)
  region size 1024K, 1 young (1024K), 1 survivors (1024K)
 Metaspace       used 50527K, capacity 51914K, committed 52096K, reserved 1095680K
  class space    used 5661K, capacity 6250K, committed 6272K, reserved 1048576K
}
Event: 18.741 GC heap before
{Heap before GC invocations=50 (full 0):
 garbage-first heap   total 475136K, used 214454K [0x0000000709c00000, 0x0000000800000000)
  region size 1024K, 4 young (4096K), 1 survivors (1024K)
 Metaspace       used 50527K, capacity 51914K, committed 52096K, reserved 1095680K
  class space    used 5661K, capacity 6250K, committed 6272K, reserved 1048576K
}
Event: 18.743 GC heap after
{Heap after GC invocations=51 (full 0):
 garbage-first heap   total 475136K, used 36285K [0x0000000709c00000, 0x0000000800000000)
  region size 1024K, 1 young (1024K), 1 survivors (1024K)
 Metaspace       used 50527K, capacity 51914K, committed 52096K, reserved 1095680K
  class space    used 5661K, capacity 6250K, committed 6272K, reserved 1048576K
}
Event: 18.975 GC heap before
{Heap before GC invocations=52 (full 0):
 garbage-first heap   total 475136K, used 214461K [0x0000000709c00000, 0x0000000800000000)
  region size 1024K, 4 young (4096K), 1 survivors (1024K)
 Metaspace       used 50527K, capacity 51914K, committed 52096K, reserved 1095680K
  class space    used 5661K, capacity 6250K, committed 6272K, reserved 1048576K
}
Event: 18.977 GC heap after
{Heap after GC invocations=53 (full 0):
 garbage-first heap   total 475136K, used 36287K [0x0000000709c00000, 0x0000000800000000)
  region size 1024K, 1 young (1024K), 1 survivors (1024K)
 Metaspace       used 50527K, capacity 51914K, committed 52096K, reserved 1095680K
  class space    used 5661K, capacity 6250K, committed 6272K, reserved 1048576K
}
Event: 19.381 GC heap before
{Heap before GC invocations=54 (full 0):
 garbage-first heap   total 475136K, used 214463K [0x0000000709c00000, 0x0000000800000000)
  region size 1024K, 4 young (4096K), 1 survivors (1024K)
 Metaspace       used 50527K, capacity 51914K, committed 52096K, reserved 1095680K
  class space    used 5661K, capacity 6250K, committed 6272K, reserved 1048576K
}
Event: 19.383 GC heap after
{Heap after GC invocations=55 (full 0):
 garbage-first heap   total 475136K, used 36269K [0x0000000709c00000, 0x0000000800000000)
  region size 1024K, 1 young (1024K), 1 survivors (1024K)
 Metaspace       used 50527K, capacity 51914K, committed 52096K, reserved 1095680K
  class space    used 5661K, capacity 6250K, committed 6272K, reserved 1048576K
}
Event: 20.006 GC heap before
{Heap before GC invocations=56 (full 0):
 garbage-first heap   total 475136K, used 214445K [0x0000000709c00000, 0x0000000800000000)
  region size 1024K, 4 young (4096K), 1 survivors (1024K)
 Metaspace       used 50527K, capacity 51914K, committed 52096K, reserved 1095680K
  class space    used 5661K, capacity 6250K, committed 6272K, reserved 1048576K
}
Event: 20.008 GC heap after
{Heap after GC invocations=57 (full 0):
 garbage-first heap   total 475136K, used 36269K [0x0000000709c00000, 0x0000000800000000)
  region size 1024K, 1 young (1024K), 1 survivors (1024K)
 Metaspace       used 50527K, capacity 51914K, committed 52096K, reserved 1095680K
  class space    used 5661K, capacity 6250K, committed 6272K, reserved 1048576K
}
Event: 20.229 GC heap before
{Heap before GC invocations=58 (full 0):
 garbage-first heap   total 475136K, used 214445K [0x0000000709c00000, 0x0000000800000000)
  region size 1024K, 4 young (4096K), 1 survivors (1024K)
 Metaspace       used 50527K, capacity 51914K, committed 52096K, reserved 1095680K
  class space    used 5661K, capacity 6250K, committed 6272K, reserved 1048576K
}
Event: 20.231 GC heap after
{Heap after GC invocations=59 (full 0):
 garbage-first heap   total 475136K, used 36267K [0x0000000709c00000, 0x0000000800000000)
  region size 1024K, 1 young (1024K), 1 survivors (1024K)
 Metaspace       used 50527K, capacity 51914K, committed 52096K, reserved 1095680K
  class space    used 5661K, capacity 6250K, committed 6272K, reserved 1048576K
}

Deoptimization events (20 events):
Event: 27.682 Thread 0x000001db4e0b5000 DEOPT PACKING pc=0x000001db5ff98354 sp=0x0000008229ffde20
Event: 27.682 Thread 0x000001db4e0b5000 DEOPT UNPACKING pc=0x000001db57f7a1af sp=0x0000008229ffdda8 mode 2
Event: 27.682 Thread 0x000001db4e0b5000 Uncommon trap: trap_request=0xffffffde fr.pc=0x000001db5ff98354 relative=0x0000000000000134
Event: 27.682 Thread 0x000001db4e0b5000 Uncommon trap: reason=class_check action=maybe_recompile pc=0x000001db5ff98354 method=jdk.internal.misc.Unsafe.allocateUninitializedArray(Ljava/lang/Class;I)Ljava/lang/Object; @ 48 c2
Event: 27.682 Thread 0x000001db4e0b5000 DEOPT PACKING pc=0x000001db5ff98354 sp=0x0000008229ffde20
Event: 27.682 Thread 0x000001db4e0b5000 DEOPT UNPACKING pc=0x000001db57f7a1af sp=0x0000008229ffdda8 mode 2
Event: 27.714 Thread 0x000001db4e0b5000 DEOPT PACKING pc=0x000001db58adfadc sp=0x0000008229ffbee0
Event: 27.714 Thread 0x000001db4e0b5000 DEOPT UNPACKING pc=0x000001db57f7a95e sp=0x0000008229ffb418 mode 1
Event: 27.715 Thread 0x000001db4e0b5000 DEOPT PACKING pc=0x000001db58adfadc sp=0x0000008229ffbee0
Event: 27.715 Thread 0x000001db4e0b5000 DEOPT UNPACKING pc=0x000001db57f7a95e sp=0x0000008229ffb418 mode 1
Event: 155.047 Thread 0x000001db7a41d000 Uncommon trap: trap_request=0xffffffdc fr.pc=0x000001db5ff996f4 relative=0x00000000000002b4
Event: 155.047 Thread 0x000001db7a41d000 Uncommon trap: reason=class_check action=make_not_entrant pc=0x000001db5ff996f4 method=java.util.ArrayList.toArray([Ljava/lang/Object;)[Ljava/lang/Object; @ 21 c2
Event: 155.047 Thread 0x000001db7a41d000 DEOPT PACKING pc=0x000001db5ff996f4 sp=0x000000822caff280
Event: 155.047 Thread 0x000001db7a41d000 DEOPT UNPACKING pc=0x000001db57f7a1af sp=0x000000822caff260 mode 2
Event: 428.094 Thread 0x000001db7a421000 Uncommon trap: trap_request=0xffffffcc fr.pc=0x000001db5ffcbe0c relative=0x0000000000007f6c
Event: 428.095 Thread 0x000001db7a421000 Uncommon trap: reason=intrinsic_or_type_checked_inlining action=make_not_entrant pc=0x000001db5ffcbe0c method=java.util.Vector.toArray([Ljava/lang/Object;)[Ljava/lang/Object; @ 36 c2
Event: 428.095 Thread 0x000001db7a421000 DEOPT PACKING pc=0x000001db5ffcbe0c sp=0x000000822c7f9120
Event: 428.095 Thread 0x000001db7a421000 DEOPT UNPACKING pc=0x000001db57f7a1af sp=0x000000822c7f90a0 mode 2
Event: 428.148 Thread 0x000001db7a421000 DEOPT PACKING pc=0x000001db59422780 sp=0x000000822c7f9a10
Event: 428.148 Thread 0x000001db7a421000 DEOPT UNPACKING pc=0x000001db57f7a95e sp=0x000000822c7f8e68 mode 0

Classes redefined (1 events):
Event: 0.882 Thread 0x000001db73007000 redefined class name=java.lang.Throwable, count=1

Internal exceptions (20 events):
Event: 22.040 Thread 0x000001db4e0b5000 Exception <a 'java/lang/NoSuchMethodError'{0x0000000723c319a0}: 'java.lang.Object java.lang.invoke.DirectMethodHandle$Holder.invokeStatic(java.lang.Object, long)'> (0x0000000723c319a0) thrown at [s\src\hotspot\share\interpreter\linkResolver.cpp, line 773]
Event: 23.446 Thread 0x000001db4e0b5000 Exception <a 'java/lang/ClassNotFoundException'{0x0000000720af4b78}: sun/net/www/protocol/c/Handler> (0x0000000720af4b78) thrown at [s\src\hotspot\share\classfile\systemDictionary.cpp, line 230]
Event: 23.448 Thread 0x000001db4e0b5000 Exception <a 'java/lang/ClassNotFoundException'{0x0000000720915e78}: sun/net/www/protocol/c/Handler> (0x0000000720915e78) thrown at [s\src\hotspot\share\classfile\systemDictionary.cpp, line 230]
Event: 23.450 Thread 0x000001db4e0b5000 Exception <a 'java/lang/ClassNotFoundException'{0x00000007209331c0}: sun/net/www/protocol/c/Handler> (0x00000007209331c0) thrown at [s\src\hotspot\share\classfile\systemDictionary.cpp, line 230]
Event: 23.451 Thread 0x000001db4e0b5000 Exception <a 'java/lang/ClassNotFoundException'{0x0000000720951b10}: sun/net/www/protocol/c/Handler> (0x0000000720951b10) thrown at [s\src\hotspot\share\classfile\systemDictionary.cpp, line 230]
Event: 23.453 Thread 0x000001db4e0b5000 Exception <a 'java/lang/ClassNotFoundException'{0x000000072096eeb0}: sun/net/www/protocol/c/Handler> (0x000000072096eeb0) thrown at [s\src\hotspot\share\classfile\systemDictionary.cpp, line 230]
Event: 23.455 Thread 0x000001db4e0b5000 Exception <a 'java/lang/ClassNotFoundException'{0x0000000720993cd0}: sun/net/www/protocol/c/Handler> (0x0000000720993cd0) thrown at [s\src\hotspot\share\classfile\systemDictionary.cpp, line 230]
Event: 23.456 Thread 0x000001db4e0b5000 Exception <a 'java/lang/ClassNotFoundException'{0x00000007209b28e0}: sun/net/www/protocol/c/Handler> (0x00000007209b28e0) thrown at [s\src\hotspot\share\classfile\systemDictionary.cpp, line 230]
Event: 23.458 Thread 0x000001db4e0b5000 Exception <a 'java/lang/ClassNotFoundException'{0x00000007209cfc80}: sun/net/www/protocol/c/Handler> (0x00000007209cfc80) thrown at [s\src\hotspot\share\classfile\systemDictionary.cpp, line 230]
Event: 23.460 Thread 0x000001db4e0b5000 Exception <a 'java/lang/ClassNotFoundException'{0x00000007209ed020}: sun/net/www/protocol/c/Handler> (0x00000007209ed020) thrown at [s\src\hotspot\share\classfile\systemDictionary.cpp, line 230]
Event: 23.461 Thread 0x000001db4e0b5000 Exception <a 'java/lang/ClassNotFoundException'{0x000000072080a888}: sun/net/www/protocol/c/Handler> (0x000000072080a888) thrown at [s\src\hotspot\share\classfile\systemDictionary.cpp, line 230]
Event: 23.463 Thread 0x000001db4e0b5000 Exception <a 'java/lang/ClassNotFoundException'{0x0000000720828220}: sun/net/www/protocol/c/Handler> (0x0000000720828220) thrown at [s\src\hotspot\share\classfile\systemDictionary.cpp, line 230]
Event: 23.465 Thread 0x000001db4e0b5000 Exception <a 'java/lang/ClassNotFoundException'{0x0000000720846558}: sun/net/www/protocol/c/Handler> (0x0000000720846558) thrown at [s\src\hotspot\share\classfile\systemDictionary.cpp, line 230]
Event: 23.467 Thread 0x000001db4e0b5000 Exception <a 'java/lang/ClassNotFoundException'{0x0000000720863aa0}: sun/net/www/protocol/c/Handler> (0x0000000720863aa0) thrown at [s\src\hotspot\share\classfile\systemDictionary.cpp, line 230]
Event: 23.469 Thread 0x000001db4e0b5000 Exception <a 'java/lang/ClassNotFoundException'{0x000000072089a768}: sun/net/www/protocol/c/Handler> (0x000000072089a768) thrown at [s\src\hotspot\share\classfile\systemDictionary.cpp, line 230]
Event: 23.884 Thread 0x000001db4e0b5000 Exception <a 'java/lang/NoSuchMethodError'{0x000000071f880150}: 'java.lang.Object java.lang.invoke.DirectMethodHandle$Holder.invokeStatic(java.lang.Object, java.lang.Object, java.lang.Object, java.lang.Object, java.lang.Object, java.lang.Object, java.lang.Object, java.lang.Object, java.lang.Object, java.lang.Object, java.lang.Object, java.lang.Object, java.lang.Object, java.lang.Object, java.lang.Object, int)'> (0x000000071f880150) thrown at [s\src\hotspot\share\interpreter\linkResolver.cpp, line 773]
Event: 26.462 Thread 0x000001db4e0b5000 Exception <a 'java/lang/NoSuchMethodError'{0x000000071d712c10}: 'long java.lang.invoke.DirectMethodHandle$Holder.invokeVirtual(java.lang.Object, java.lang.Object)'> (0x000000071d712c10) thrown at [s\src\hotspot\share\interpreter\linkResolver.cpp, line 773]
Event: 27.344 Thread 0x000001db4e0b5000 Exception <a 'java/security/PrivilegedActionException'{0x0000000719cb5510}> (0x0000000719cb5510) thrown at [s\src\hotspot\share\prims\jvm.cpp, line 1306]
Event: 27.344 Thread 0x000001db4e0b5000 Exception <a 'java/security/PrivilegedActionException'{0x0000000719cb5aa8}> (0x0000000719cb5aa8) thrown at [s\src\hotspot\share\prims\jvm.cpp, line 1306]
Event: 514.475 Thread 0x000001db4e0b5000 Exception <a 'java/lang/InterruptedException'{0x00000007174ee160}> (0x00000007174ee160) thrown at [s\src\hotspot\share\runtime\objectMonitor.cpp, line 1645]

Events (20 events):
Event: 308.677 loading class java/awt/event/MouseWheelEvent
Event: 308.677 loading class java/awt/event/MouseWheelEvent done
Event: 308.691 loading class java/awt/LightweightDispatcher$2
Event: 308.691 loading class java/awt/LightweightDispatcher$2 done
Event: 425.904 Executing VM operation: RevokeBias
Event: 425.904 Executing VM operation: RevokeBias done
Event: 426.053 loading class java/awt/geom/AreaIterator
Event: 426.053 loading class java/awt/geom/AreaIterator done
Event: 427.743 Thread 0x000001db7de74000 Thread added: 0x000001db7de74000
Event: 427.956 Thread 0x000001db7de74000 Thread exited: 0x000001db7de74000
Event: 427.989 Thread 0x000001db7de74000 Thread added: 0x000001db7de74000
Event: 428.095 Executing VM operation: RevokeBias
Event: 428.095 Executing VM operation: RevokeBias done
Event: 428.581 Thread 0x000001db7de74000 Thread exited: 0x000001db7de74000
Event: 514.475 Executing VM operation: RevokeBias
Event: 514.475 Executing VM operation: RevokeBias done
Event: 514.475 loading class java/awt/KeyboardFocusManager$2
Event: 514.475 loading class java/awt/KeyboardFocusManager$2 done
Event: 514.476 loading class sun/awt/SunToolkit$1
Event: 514.476 loading class sun/awt/SunToolkit$1 done


Dynamic libraries:
0x00007ff6524e0000 - 0x00007ff6524ee000 	C:\Program Files\Java\jdk-11.0.26-full\bin\java.exe
0x00007ffdee670000 - 0x00007ffdee868000 	C:\WINDOWS\SYSTEM32\ntdll.dll
0x00007ffdec690000 - 0x00007ffdec752000 	C:\WINDOWS\System32\KERNEL32.DLL
0x00007ffdec030000 - 0x00007ffdec326000 	C:\WINDOWS\System32\KERNELBASE.dll
0x00007ffdebd00000 - 0x00007ffdebe00000 	C:\WINDOWS\System32\ucrtbase.dll
0x00007ffde6490000 - 0x00007ffde64ab000 	C:\Program Files\Java\jdk-11.0.26-full\bin\VCRUNTIME140.dll
0x00007ffde7540000 - 0x00007ffde7557000 	C:\Program Files\Java\jdk-11.0.26-full\bin\jli.dll
0x00007ffded960000 - 0x00007ffdedafd000 	C:\WINDOWS\System32\USER32.dll
0x00007ffdd8db0000 - 0x00007ffdd904a000 	C:\WINDOWS\WinSxS\amd64_microsoft.windows.common-controls_6595b64144ccf1df_6.0.19041.4355_none_60b8b9eb71f62e16\COMCTL32.dll
0x00007ffdec380000 - 0x00007ffdec3a2000 	C:\WINDOWS\System32\win32u.dll
0x00007ffded3e0000 - 0x00007ffded47e000 	C:\WINDOWS\System32\msvcrt.dll
0x00007ffdedbf0000 - 0x00007ffdedc1b000 	C:\WINDOWS\System32\GDI32.dll
0x00007ffdebe80000 - 0x00007ffdebf9a000 	C:\WINDOWS\System32\gdi32full.dll
0x00007ffdec3b0000 - 0x00007ffdec44d000 	C:\WINDOWS\System32\msvcp_win.dll
0x00007ffdec9f0000 - 0x00007ffdeca1f000 	C:\WINDOWS\System32\IMM32.DLL
0x00007ffde8d30000 - 0x00007ffde8d3c000 	C:\Program Files\Java\jdk-11.0.26-full\bin\vcruntime140_1.dll
0x00007ffde42a0000 - 0x00007ffde432e000 	C:\Program Files\Java\jdk-11.0.26-full\bin\msvcp140.dll
0x00007ffd8c500000 - 0x00007ffd8d0c4000 	C:\Program Files\Java\jdk-11.0.26-full\bin\server\jvm.dll
0x00007ffded4e0000 - 0x00007ffded58f000 	C:\WINDOWS\System32\ADVAPI32.dll
0x00007ffdec760000 - 0x00007ffdec7ff000 	C:\WINDOWS\System32\sechost.dll
0x00007ffdedcd0000 - 0x00007ffdeddf3000 	C:\WINDOWS\System32\RPCRT4.dll
0x00007ffdec660000 - 0x00007ffdec687000 	C:\WINDOWS\System32\bcrypt.dll
0x00007ffded620000 - 0x00007ffded68b000 	C:\WINDOWS\System32\WS2_32.dll
0x00007ffdec9e0000 - 0x00007ffdec9e8000 	C:\WINDOWS\System32\PSAPI.DLL
0x00007ffddf450000 - 0x00007ffddf45a000 	C:\WINDOWS\SYSTEM32\VERSION.dll
0x00007ffddf420000 - 0x00007ffddf447000 	C:\WINDOWS\SYSTEM32\WINMM.dll
0x00007ffde9870000 - 0x00007ffde9882000 	C:\WINDOWS\SYSTEM32\kernel.appcore.dll
0x00007ffde75d0000 - 0x00007ffde75e0000 	C:\Program Files\Java\jdk-11.0.26-full\bin\verify.dll
0x00007ffde0e90000 - 0x00007ffde1074000 	C:\WINDOWS\SYSTEM32\DBGHELP.DLL
0x00007ffdd45c0000 - 0x00007ffdd45f4000 	C:\WINDOWS\SYSTEM32\dbgcore.DLL
0x00007ffdebfa0000 - 0x00007ffdec022000 	C:\WINDOWS\System32\bcryptPrimitives.dll
0x00007ffde63d0000 - 0x00007ffde63f8000 	C:\Program Files\Java\jdk-11.0.26-full\bin\java.dll
0x00007ffde6480000 - 0x00007ffde648a000 	C:\Program Files\Java\jdk-11.0.26-full\bin\jimage.dll
0x00007ffde4260000 - 0x00007ffde4299000 	C:\Program Files\Java\jdk-11.0.26-full\bin\jdwp.dll
0x00007ffde63c0000 - 0x00007ffde63ce000 	C:\Program Files\Java\jdk-11.0.26-full\bin\instrument.dll
0x00007ffde5bb0000 - 0x00007ffde5bc8000 	C:\Program Files\Java\jdk-11.0.26-full\bin\zip.dll
0x00007ffdede00000 - 0x00007ffdee56f000 	C:\WINDOWS\System32\SHELL32.dll
0x00007ffde9a90000 - 0x00007ffdea233000 	C:\WINDOWS\SYSTEM32\windows.storage.dll
0x00007ffdeca30000 - 0x00007ffdecd85000 	C:\WINDOWS\System32\combase.dll
0x00007ffdeb730000 - 0x00007ffdeb75b000 	C:\WINDOWS\SYSTEM32\Wldp.dll
0x00007ffdece10000 - 0x00007ffdecedd000 	C:\WINDOWS\System32\OLEAUT32.dll
0x00007ffdec930000 - 0x00007ffdec9dd000 	C:\WINDOWS\System32\SHCORE.dll
0x00007ffded480000 - 0x00007ffded4d5000 	C:\WINDOWS\System32\shlwapi.dll
0x00007ffdebc30000 - 0x00007ffdebc55000 	C:\WINDOWS\SYSTEM32\profapi.dll
0x00007ffde59f0000 - 0x00007ffde59fb000 	C:\Program Files\Java\jdk-11.0.26-full\bin\dt_socket.dll
0x00007ffdeb420000 - 0x00007ffdeb48c000 	C:\WINDOWS\system32\mswsock.dll
0x00007ffde5a60000 - 0x00007ffde5a79000 	C:\Program Files\Java\jdk-11.0.26-full\bin\net.dll
0x00007ffdeacc0000 - 0x00007ffdeadca000 	C:\WINDOWS\SYSTEM32\WINHTTP.dll
0x00007ffde5a40000 - 0x00007ffde5a53000 	C:\Program Files\Java\jdk-11.0.26-full\bin\nio.dll
0x00007ffde59e0000 - 0x00007ffde59ea000 	C:\Program Files\Java\jdk-11.0.26-full\bin\management.dll
0x00007ffde4250000 - 0x00007ffde425b000 	C:\Program Files\Java\jdk-11.0.26-full\bin\management_ext.dll
0x00007ffdd8d70000 - 0x00007ffdd8d87000 	C:\WINDOWS\system32\napinsp.dll
0x00007ffdd8d90000 - 0x00007ffdd8dab000 	C:\WINDOWS\system32\pnrpnsp.dll
0x00007ffde7f90000 - 0x00007ffde7fa5000 	C:\WINDOWS\system32\wshbth.dll
0x00007ffde7ca0000 - 0x00007ffde7cbd000 	C:\WINDOWS\system32\NLAapi.dll
0x00007ffdeb100000 - 0x00007ffdeb13b000 	C:\WINDOWS\SYSTEM32\IPHLPAPI.DLL
0x00007ffdeb140000 - 0x00007ffdeb20a000 	C:\WINDOWS\SYSTEM32\DNSAPI.dll
0x00007ffdeca20000 - 0x00007ffdeca28000 	C:\WINDOWS\System32\NSI.dll
0x00007ffdd9050000 - 0x00007ffdd9062000 	C:\WINDOWS\System32\winrnr.dll
0x00007ffde60f0000 - 0x00007ffde60fa000 	C:\Windows\System32\rasadhlp.dll
0x00007ffde6020000 - 0x00007ffde60a0000 	C:\WINDOWS\System32\fwpuclnt.dll
0x000001db4c0c0000 - 0x000001db4c0c3000 	C:\Users\joao.jgcdp\IdeaProjects\IPED\target\release\iped-4.2.0\tools\tsk\x64\api-ms-win-core-console-l1-1-0.dll
0x000001db4c0d0000 - 0x000001db4c0d3000 	C:\Users\joao.jgcdp\IdeaProjects\IPED\target\release\iped-4.2.0\tools\tsk\x64\api-ms-win-core-datetime-l1-1-0.dll
0x000001db4dfd0000 - 0x000001db4dfd3000 	C:\Users\joao.jgcdp\IdeaProjects\IPED\target\release\iped-4.2.0\tools\tsk\x64\api-ms-win-core-debug-l1-1-0.dll
0x000001db4dfe0000 - 0x000001db4dfe3000 	C:\Users\joao.jgcdp\IdeaProjects\IPED\target\release\iped-4.2.0\tools\tsk\x64\api-ms-win-core-errorhandling-l1-1-0.dll
0x000001db4dff0000 - 0x000001db4dff4000 	C:\Users\joao.jgcdp\IdeaProjects\IPED\target\release\iped-4.2.0\tools\tsk\x64\api-ms-win-core-file-l1-1-0.dll
0x000001db4e000000 - 0x000001db4e003000 	C:\Users\joao.jgcdp\IdeaProjects\IPED\target\release\iped-4.2.0\tools\tsk\x64\api-ms-win-core-file-l1-2-0.dll
0x000001db4e010000 - 0x000001db4e013000 	C:\Users\joao.jgcdp\IdeaProjects\IPED\target\release\iped-4.2.0\tools\tsk\x64\api-ms-win-core-file-l2-1-0.dll
0x000001db4e020000 - 0x000001db4e023000 	C:\Users\joao.jgcdp\IdeaProjects\IPED\target\release\iped-4.2.0\tools\tsk\x64\api-ms-win-core-handle-l1-1-0.dll
0x000001db4e030000 - 0x000001db4e033000 	C:\Users\joao.jgcdp\IdeaProjects\IPED\target\release\iped-4.2.0\tools\tsk\x64\api-ms-win-core-heap-l1-1-0.dll
0x000001db4e040000 - 0x000001db4e043000 	C:\Users\joao.jgcdp\IdeaProjects\IPED\target\release\iped-4.2.0\tools\tsk\x64\api-ms-win-core-interlocked-l1-1-0.dll
0x000001db4e050000 - 0x000001db4e053000 	C:\Users\joao.jgcdp\IdeaProjects\IPED\target\release\iped-4.2.0\tools\tsk\x64\api-ms-win-core-libraryloader-l1-1-0.dll
0x000001db4e060000 - 0x000001db4e063000 	C:\Users\joao.jgcdp\IdeaProjects\IPED\target\release\iped-4.2.0\tools\tsk\x64\api-ms-win-core-localization-l1-2-0.dll
0x000001db4e070000 - 0x000001db4e073000 	C:\Users\joao.jgcdp\IdeaProjects\IPED\target\release\iped-4.2.0\tools\tsk\x64\api-ms-win-core-memory-l1-1-0.dll
0x000001db4e080000 - 0x000001db4e083000 	C:\Users\joao.jgcdp\IdeaProjects\IPED\target\release\iped-4.2.0\tools\tsk\x64\api-ms-win-core-namedpipe-l1-1-0.dll
0x000001db776e0000 - 0x000001db776e3000 	C:\Users\joao.jgcdp\IdeaProjects\IPED\target\release\iped-4.2.0\tools\tsk\x64\api-ms-win-core-processenvironment-l1-1-0.dll
0x000001db776f0000 - 0x000001db776f3000 	C:\Users\joao.jgcdp\IdeaProjects\IPED\target\release\iped-4.2.0\tools\tsk\x64\api-ms-win-core-processthreads-l1-1-0.dll
0x000001db77700000 - 0x000001db77703000 	C:\Users\joao.jgcdp\IdeaProjects\IPED\target\release\iped-4.2.0\tools\tsk\x64\api-ms-win-core-processthreads-l1-1-1.dll
0x000001db77710000 - 0x000001db77713000 	C:\Users\joao.jgcdp\IdeaProjects\IPED\target\release\iped-4.2.0\tools\tsk\x64\api-ms-win-core-profile-l1-1-0.dll
0x000001db77720000 - 0x000001db77723000 	C:\Users\joao.jgcdp\IdeaProjects\IPED\target\release\iped-4.2.0\tools\tsk\x64\api-ms-win-core-rtlsupport-l1-1-0.dll
0x000001db77730000 - 0x000001db77733000 	C:\Users\joao.jgcdp\IdeaProjects\IPED\target\release\iped-4.2.0\tools\tsk\x64\api-ms-win-core-string-l1-1-0.dll
0x000001db77740000 - 0x000001db77743000 	C:\Users\joao.jgcdp\IdeaProjects\IPED\target\release\iped-4.2.0\tools\tsk\x64\api-ms-win-core-synch-l1-1-0.dll
0x000001db77750000 - 0x000001db77753000 	C:\Users\joao.jgcdp\IdeaProjects\IPED\target\release\iped-4.2.0\tools\tsk\x64\api-ms-win-core-synch-l1-2-0.dll
0x000001db77760000 - 0x000001db77763000 	C:\Users\joao.jgcdp\IdeaProjects\IPED\target\release\iped-4.2.0\tools\tsk\x64\api-ms-win-core-sysinfo-l1-1-0.dll
0x000001db77770000 - 0x000001db77773000 	C:\Users\joao.jgcdp\IdeaProjects\IPED\target\release\iped-4.2.0\tools\tsk\x64\api-ms-win-core-timezone-l1-1-0.dll
0x000001db77980000 - 0x000001db77983000 	C:\Users\joao.jgcdp\IdeaProjects\IPED\target\release\iped-4.2.0\tools\tsk\x64\api-ms-win-core-util-l1-1-0.dll
0x000001db77990000 - 0x000001db77993000 	C:\Users\joao.jgcdp\IdeaProjects\IPED\target\release\iped-4.2.0\tools\tsk\x64\api-ms-win-crt-conio-l1-1-0.dll
0x000001db779a0000 - 0x000001db779a4000 	C:\Users\joao.jgcdp\IdeaProjects\IPED\target\release\iped-4.2.0\tools\tsk\x64\api-ms-win-crt-convert-l1-1-0.dll
0x000001db779b0000 - 0x000001db779b3000 	C:\Users\joao.jgcdp\IdeaProjects\IPED\target\release\iped-4.2.0\tools\tsk\x64\api-ms-win-crt-environment-l1-1-0.dll
0x000001db779c0000 - 0x000001db779c3000 	C:\Users\joao.jgcdp\IdeaProjects\IPED\target\release\iped-4.2.0\tools\tsk\x64\api-ms-win-crt-filesystem-l1-1-0.dll
0x000001db779d0000 - 0x000001db779d3000 	C:\Users\joao.jgcdp\IdeaProjects\IPED\target\release\iped-4.2.0\tools\tsk\x64\api-ms-win-crt-heap-l1-1-0.dll
0x000001db779e0000 - 0x000001db779e3000 	C:\Users\joao.jgcdp\IdeaProjects\IPED\target\release\iped-4.2.0\tools\tsk\x64\api-ms-win-crt-locale-l1-1-0.dll
0x000001db779f0000 - 0x000001db779f5000 	C:\Users\joao.jgcdp\IdeaProjects\IPED\target\release\iped-4.2.0\tools\tsk\x64\api-ms-win-crt-math-l1-1-0.dll
0x000001db79010000 - 0x000001db79015000 	C:\Users\joao.jgcdp\IdeaProjects\IPED\target\release\iped-4.2.0\tools\tsk\x64\api-ms-win-crt-multibyte-l1-1-0.dll
0x000001db79020000 - 0x000001db7902f000 	C:\Users\joao.jgcdp\IdeaProjects\IPED\target\release\iped-4.2.0\tools\tsk\x64\api-ms-win-crt-private-l1-1-0.dll
0x000001db79030000 - 0x000001db79033000 	C:\Users\joao.jgcdp\IdeaProjects\IPED\target\release\iped-4.2.0\tools\tsk\x64\api-ms-win-crt-process-l1-1-0.dll
0x000001db79040000 - 0x000001db79044000 	C:\Users\joao.jgcdp\IdeaProjects\IPED\target\release\iped-4.2.0\tools\tsk\x64\api-ms-win-crt-runtime-l1-1-0.dll
0x000001db79050000 - 0x000001db79054000 	C:\Users\joao.jgcdp\IdeaProjects\IPED\target\release\iped-4.2.0\tools\tsk\x64\api-ms-win-crt-stdio-l1-1-0.dll
0x000001db79060000 - 0x000001db79064000 	C:\Users\joao.jgcdp\IdeaProjects\IPED\target\release\iped-4.2.0\tools\tsk\x64\api-ms-win-crt-string-l1-1-0.dll
0x000001db79070000 - 0x000001db79073000 	C:\Users\joao.jgcdp\IdeaProjects\IPED\target\release\iped-4.2.0\tools\tsk\x64\api-ms-win-crt-time-l1-1-0.dll
0x000001db79080000 - 0x000001db79083000 	C:\Users\joao.jgcdp\IdeaProjects\IPED\target\release\iped-4.2.0\tools\tsk\x64\api-ms-win-crt-utility-l1-1-0.dll
0x00007ffde4230000 - 0x00007ffde4250000 	C:\Users\joao.jgcdp\IdeaProjects\IPED\target\release\iped-4.2.0\tools\tsk\x64\bzip2.dll
0x00007ffde4070000 - 0x00007ffde40c1000 	C:\Users\joao.jgcdp\IdeaProjects\IPED\target\release\iped-4.2.0\tools\tsk\x64\concrt140.dll
0x00007ffdbb910000 - 0x00007ffdbbc3f000 	C:\Users\joao.jgcdp\IdeaProjects\IPED\target\release\iped-4.2.0\tools\tsk\x64\libcrypto-1_1-x64.dll
0x00007ffdde490000 - 0x00007ffdde536000 	C:\Users\joao.jgcdp\IdeaProjects\IPED\target\release\iped-4.2.0\tools\tsk\x64\libssl-1_1-x64.dll
0x00007ffddb160000 - 0x00007ffddb247000 	C:\Users\joao.jgcdp\IdeaProjects\IPED\target\release\iped-4.2.0\tools\tsk\x64\libvhdi.dll
0x00007ffdda600000 - 0x00007ffdda69d000 	C:\Users\joao.jgcdp\IdeaProjects\IPED\target\release\iped-4.2.0\tools\tsk\x64\msvcp140.dll
0x00007ffdda500000 - 0x00007ffdda5f2000 	C:\Users\joao.jgcdp\IdeaProjects\IPED\target\release\iped-4.2.0\tools\tsk\x64\ucrtbase.dll
0x00007ffdde420000 - 0x00007ffdde482000 	C:\Users\joao.jgcdp\IdeaProjects\IPED\target\release\iped-4.2.0\tools\tsk\x64\vccorlib140.dll
0x00007ffdec800000 - 0x00007ffdec92b000 	C:\WINDOWS\System32\ole32.dll
0x00007ffde4210000 - 0x00007ffde4227000 	C:\Users\joao.jgcdp\IdeaProjects\IPED\target\release\iped-4.2.0\tools\tsk\x64\vcruntime140.dll
0x00007ffde4120000 - 0x00007ffde4139000 	C:\Users\joao.jgcdp\IdeaProjects\IPED\target\release\iped-4.2.0\tools\tsk\x64\zlib.dll
0x00007ffdbb740000 - 0x00007ffdbb902000 	C:\Users\joao.jgcdp\IdeaProjects\IPED\target\release\iped-4.2.0\tools\tsk\x64\libewf.dll
0x00007ffdda110000 - 0x00007ffdda210000 	C:\Users\joao.jgcdp\IdeaProjects\IPED\target\release\iped-4.2.0\tools\tsk\x64\libvmdk.dll
0x00007ffd92620000 - 0x00007ffd927a2000 	C:\Program Files\Java\jdk-11.0.26-full\bin\awt.dll
0x00007ffde64b0000 - 0x00007ffde6544000 	C:\WINDOWS\SYSTEM32\apphelp.dll
0x00007ffde9490000 - 0x00007ffde94bf000 	C:\WINDOWS\system32\DWMAPI.DLL
0x00007ffde9300000 - 0x00007ffde939e000 	C:\WINDOWS\system32\uxtheme.dll
0x00007ffd929f0000 - 0x00007ffd92b18000 	C:\WINDOWS\system32\opengl32.dll
0x00007ffdbffc0000 - 0x00007ffdbffec000 	C:\WINDOWS\SYSTEM32\GLU32.dll
0x00007ffded840000 - 0x00007ffded955000 	C:\WINDOWS\System32\MSCTF.dll
0x00007ffd99950000 - 0x00007ffd99b21000 	C:\WINDOWS\system32\d3d9.dll
0x00007ffddf8e0000 - 0x00007ffddfa9b000 	C:\WINDOWS\System32\DriverStore\FileRepository\u0390451.inf_amd64_39377efdd62734d1\B390182\aticfx64.dll
0x00007ffdde940000 - 0x00007ffdde974000 	C:\WINDOWS\System32\DriverStore\FileRepository\u0390451.inf_amd64_39377efdd62734d1\B390182\atiu9p64.dll
0x00007ffd8b7a0000 - 0x00007ffd8c4f5000 	C:\WINDOWS\System32\DriverStore\FileRepository\u0390451.inf_amd64_39377efdd62734d1\B390182\atiumd64.dll
0x0000000065600000 - 0x0000000066527000 	C:\WINDOWS\System32\DriverStore\FileRepository\u0390451.inf_amd64_39377efdd62734d1\B390182\atiumd6a.dll
0x00007ffdecf60000 - 0x00007ffded3d1000 	C:\WINDOWS\System32\SETUPAPI.dll
0x00007ffdeb6e0000 - 0x00007ffdeb72b000 	C:\WINDOWS\SYSTEM32\POWRPROF.dll

dbghelp: loaded successfully - version: 4.0.5 - missing functions: none
symbol engine: initialized successfully - sym options: 0x614 - pdb path: .;C:\Program Files\Java\jdk-11.0.26-full\bin;C:\WINDOWS\SYSTEM32;C:\WINDOWS\WinSxS\amd64_microsoft.windows.common-controls_6595b64144ccf1df_6.0.19041.4355_none_60b8b9eb71f62e16;C:\Program Files\Java\jdk-11.0.26-full\bin\server;C:\Users\joao.jgcdp\IdeaProjects\IPED\target\release\iped-4.2.0\tools\tsk\x64;C:\WINDOWS\System32\DriverStore\FileRepository\u0390451.inf_amd64_39377efdd62734d1\B390182;C:\Users\joao.jgcdp\AppData\Local\Temp\iped-temp-1627283027891894898;C:\Users\joao.jgcdp\AppData\Local\Temp\iped-temp-1627283027891894898\jna-280994903;C:\Users\joao.jgcdp\IdeaProjects\IPED\target\release\iped-4.2.0\python;C:\Users\joao.jgcdp\IdeaProjects\IPED\target\release\iped-4.2.0\python\Lib\site-packages\jep

VM Arguments:
jvm_args: -agentlib:jdwp=transport=dt_socket,address=127.0.0.1:27540,suspend=y,server=n -javaagent:C:\Users\joao.jgcdp\AppData\Local\JetBrains\IdeaIC2025.1\captureAgent\debugger-agent.jar=file:///C:/Users/JOAO~1.JGC/AppData/Local/Temp/capture5511631587817423887.props -DDebugging=true -Duser.dir=C:\Users\joao.jgcdp\IdeaProjects\IPED\target\release\iped-4.2.0 -Dkotlinx.coroutines.debug.enable.creation.stack.trace=false -Ddebugger.agent.enable.coroutines=true -Dkotlinx.coroutines.debug.enable.flows.stack.trace=true -Dkotlinx.coroutines.debug.enable.mutable.state.flows.stack.trace=true -Dfile.encoding=UTF-8 
java_command: iped.app.processing.Main -d c:\input\teste -o c:\output -profile relatorio
java_class_path (initial): C:\Users\joao.jgcdp\AppData\Local\Temp\classpath816822113.jar
Launcher Type: SUN_STANDARD

[Global flags]
     intx CICompilerCount                          = 4                                         {product} {ergonomic}
     uint ConcGCThreads                            = 2                                         {product} {ergonomic}
     uint G1ConcRefinementThreads                  = 8                                         {product} {ergonomic}
   size_t G1HeapRegionSize                         = 1048576                                   {product} {ergonomic}
    uintx GCDrainStackTargetSize                   = 64                                        {product} {ergonomic}
   size_t InitialHeapSize                          = 260046848                                 {product} {ergonomic}
   size_t MarkStackSize                            = 4194304                                   {product} {ergonomic}
   size_t MaxHeapSize                              = 4131389440                                {product} {ergonomic}
   size_t MaxNewSize                               = 2478833664                                {product} {ergonomic}
   size_t MinHeapDeltaBytes                        = 1048576                                   {product} {ergonomic}
    uintx NonNMethodCodeHeapSize                   = 5836300                                {pd product} {ergonomic}
    uintx NonProfiledCodeHeapSize                  = 122910970                              {pd product} {ergonomic}
    uintx ProfiledCodeHeapSize                     = 122910970                              {pd product} {ergonomic}
    uintx ReservedCodeCacheSize                    = 251658240                              {pd product} {ergonomic}
     bool SegmentedCodeCache                       = true                                      {product} {ergonomic}
     bool UseCompressedClassPointers               = true                                 {lp64_product} {ergonomic}
     bool UseCompressedOops                        = true                                 {lp64_product} {ergonomic}
     bool UseG1GC                                  = true                                      {product} {ergonomic}
     bool UseLargePagesIndividualAllocation        = false                                  {pd product} {ergonomic}

Logging:
Log output configuration:
 #0: stdout all=warning uptime,level,tags
 #1: stderr all=off uptime,level,tags

Environment Variables:
PATH=C:\Program Files (x86)\Common Files\Oracle\Java\javapath;C:\Program Files (x86)\VMware\VMware Player\bin\;C:\ProgramData\Oracle\Java\javapath;C:\WINDOWS\system32;C:\WINDOWS;C:\WINDOWS\System32\Wbem;C:\WINDOWS\System32\WindowsPowerShell\v1.0\;C:\WINDOWS\System32\OpenSSH\;C:\Windows\CCM;C:\Program Files\Intel\WiFi\bin\;C:\Program Files\Common Files\Intel\WirelessCommon\;C:\Program Files\SafeNet\Authentication\SAC\x64;C:\Program Files\SafeNet\Authentication\SAC\x32;C:\Program Files\dotnet\;C:\Program Files\Git\cmd;C:\Users\joao.jgcdp\AppData\Local\Programs\Python\Python311\Scripts\;C:\Users\joao.jgcdp\AppData\Local\Programs\Python\Python311\;C:\Users\joao.jgcdp\AppData\Local\Microsoft\WindowsApps;C:\Program Files (x86)\Nmap
USERNAME=joao.jgcdp
OS=Windows_NT
PROCESSOR_IDENTIFIER=AMD64 Family 23 Model 104 Stepping 1, AuthenticAMD
TMP=C:\Users\JOAO~1.JGC\AppData\Local\Temp
TEMP=C:\Users\JOAO~1.JGC\AppData\Local\Temp



---------------  S Y S T E M  ---------------

OS: Windows 10 , 64 bit Build 19041 (10.0.19041.5678)
OS uptime: 0 days 15:13 hours

CPU:total 8 (initial active 8) (8 cores per cpu, 2 threads per core) family 23 model 104 stepping 1 microcode 0x0, cmov, cx8, fxsr, mmx, sse, sse2, sse3, ssse3, sse4.1, sse4.2, popcnt, avx, avx2, aes, clmul, mmxext, 3dnowpref, lzcnt, sse4a, ht, tsc, tscinvbit, tscinv, bmi1, bmi2, adx, sha, fma

Memory: 4k page, system-wide physical 15755M (6554M free)
TotalPageFile size 18187M (AvailPageFile size 8150M)
current process WorkingSet (physical memory assigned to process): 679M, peak: 722M
current process commit charge ("private bytes"): 766M, peak: 832M

vm_info: OpenJDK 64-Bit Server VM (11.0.26+9-LTS) for windows-amd64 JRE (11.0.26+9-LTS), built on Jan 22 2025 07:48:43 by "" with MS VC++ 17.1 (VS2022)

END.
